:020000040800F2
:1000000010150020AD020008C151000895410008FC
:100010007D4C000865100008E57A0008000000002B
:100020000000000000000000000000003966000829
:100030006910000800000000E5650008D5660008AA
:10004000C7020008C7020008C7020008C70200086C
:10005000C7020008C70200086D100008C7020008A8
:10006000C7020008C7020008C7020008C70200084C
:10007000C7020008C7020008C7020008C70200083C
:10008000C7020008C7020008C702000800000000FD
:1000900000000000000000000000000075100008D3
:1000A000C7020008C7020008C7020008C70200080C
:1000B000C7020008C7020008C7020008C7020008FC
:1000C000C7020008C7020008C7020008C7020008EC
:1000D000C7020008C7020008C702000800000000AD
:1000E000C7020008C7020008C7020008000000009D
:1000F000000000000000000000000000C70200082F
:1001000000000000C7020008C7020008C70200087C
:1001100000000000000000000000000000000000DF
:10012000C7020008C7020008C7020008C70200088B
:10013000C7020008000000000000000000000000EE
:10014000000000000000000000000000D965000869
:10015000C7020008C7020008C7020008C70200085B
:10016000C7020008C70200080000000000000000ED
:10017000000000000000000000000000000000007F
:1001800000000000C702000800000000000000009E
:10019000C7020008C702000800F002F800F077F874
:1001A00014A696E8000CB244B344DA4501D100F03D
:1001B0006EF8BAE80F000FA696E83000A5EB04052C
:1001C00004EB0607AAEB0704A7F101074FEA151590
:1001D0004FEA3414A4F10104AC4201D300F057F803
:1001E00013F0010F18BFFB1A43F0010300F001F8F0
:1001F000DBE71847C0A00000E0A000000A444FF071
:10020000000C10F8013B13F0070408BF10F8014B75
:100210001D1108BF10F8015B641E05D010F8016BBA
:10022000641E01F8016BF9D113F0080F1EBF10F81E
:10023000014BAD1C0C1B09D16D1E58BF01F801CB41
:10024000FAD505E014F8016B01F8016B6D1EF9D5C4
:100250009142D6D37047000070470000002300246D
:1002600000250026103A28BF78C1FBD8520728BFC6
:1002700030C148BF0B607047642900F0EB8000205C
:1002800070471FB508F0EBF91FBD10B510BD00F0A9
:1002900064FB1146FFF7F5FF07F044FC00F082FB1A
:1002A00003B4FFF7F2FF03BC00F08AFB0948804764
:1002B00009480047FEE7FEE7FEE7FEE7FEE7FEE748
:1002C000FEE7FEE7FEE7FEE704480549054A064B60
:1002D000704700008167000899010008100F002096
:1002E00010150020101100201011002053EA020CFC
:1002F00000F069802DE9F04B4FF00006002B1FBF86
:10030000B3FA83F503FA05F424FA05F65E4012BF4A
:100310001643B2FA82F502FA05F4C5F120051EBFB4
:1003200022FA05FC44EA0C04203556EA044C4FEA54
:10033000144418BF641C4FF000084FF000099042AD
:1003400071EB030C39D3002919BFB1FA81F701FA17
:1003500007F6B0FA80F700FA07F6C7F120071EBFCC
:1003600020FA07FC46EA0C062037B6FBF4FCA7EBA4
:100370000507103F07F01F0BCBF120062CFA06F6FD
:100380000CFA0BFB44BFB3460026202FA4BF5E46E9
:100390004FF0000B5BEA060C08BF4FF0010B19EBA6
:1003A0000B0948EB0608ABFB027C06FB02CC0BFBFF
:1003B00003CCC01B71EB0C01C1E70B460246414662
:1003C0004846BDE8F08B13B5084318BF4FF0FF3027
:1003D0000146AFF30080BDE81C4070470FB41CB568
:1003E000074B06AA7B4469460090059800F06BFA1B
:1003F0000020694600F07AFA1CBC5DF814FB00008E
:100400000505000070B5044685690068C10601D580
:10041000302600E02026C00707D070BDD4E90121B6
:1004200030469047206A401C20626D1EF6D570BD94
:1004300070B5044685690078C00707D170BDD4E95E
:10044000012120209047206A401C20626D1EF6D5B5
:1004500070BD00002DE9F0410646002410687529A2
:10046000314616A510D0AFF30080002802DA4042D2
:1004700013A507E031688A0701D512A502E04907F4
:1004800004D511A5012401E0AFF3008000210A2268
:1004900006F1240709E0B0FBF2FCB0FBF2F302FB2B
:1004A0001C00303078541846491C0028F3D12346EC
:1004B0002A463046BDE8F04100F0A7B90000000030
:1004C0002D0000002B000000200000002DE9F05F4F
:1004D000894604464FF0000ADFF874B1FB44C0F8C7
:1004E00020A02046E1688847002874D0252806D03F
:1004F000D4E901219047206A401C2062F1E70026E0
:100500005F462046E16888472028054607DB312DF5
:1005100005D2781910F8200C08B10643F1E7B007AE
:1005200001D526F00406C4F81CA00027C4F818A0C2
:100530002A2D09D0284608F08BF838B304EB870839
:10054000303DC8F8185019E059F8041B204604EB58
:1005500087029161E1688847012F054618D1E0695B
:10056000002820DA26F020061DE0D8F8180000EB5D
:10057000800005EB40003038C8F818002046E168DC
:100580008847054608F064F80028EED1012F0AD00C
:100590002E2D08D12046E16888477F1C0546022F92
:1005A00046F02006C4DBA069002803DA404246F08A
:1005B0000106A061F00701D026F010066C2D0BD0CB
:1005C000682D09D04C2D39D06A2D35D0742D35D0F9
:1005D0007A2D33D016E038E0E1682F462046884770
:1005E000B842054609D16C2F26D04FF48060E168EF
:1005F000064320468847054604E06C2F1AD04FF486
:10060000807006430DB3A5F14100192802D82035AA
:1006100046F400664A462946204626604E46FFF7C5
:100620002BFE80B101280BD0F61D26F0070000F14B
:10063000080956E74020E4E78020D8E70020D6E705
:1006400006F104094DE7284652E7206ABDE8F09F0D
:100650009881000040EA010310B59B070FD1042ADE
:100660000DD310C808C9121F9C42F8D020BA19BA7D
:10067000884201D9012010BD4FF0FF3010BD1AB1E2
:10068000D30703D0521C07E0002010BD10F8013B37
:1006900011F8014B1B1B07D110F8013B11F8014B5E
:1006A0001B1B01D1921EF1D1184610BD032A40F246
:1006B000308010F0030C00F0158011F8013BBCF104
:1006C000020F624498BF11F801CB00F8013B38BF1C
:1006D00011F8013BA2F1040298BF00F801CB38BF2A
:1006E00000F8013B11F0030300F00581083AC0F067
:1006F000088051F8043B083A51F804CBA0E80810F0
:10070000F5E7121D5CBF51F8043B40F8043BAFF322
:100710000080D20724BF11F8013B11F801CB48BF7C
:1007200011F8012B24BF00F8013B00F801CB48BFB2
:1007300000F8012B70474FF0000200B513469446B5
:100740009646203922BFA0E80C50A0E80C50B1F129
:100750002001BFF4F7AF090728BFA0E80C5048BF3D
:100760000CC05DF804EB890028BF40F8042B08BFDB
:10077000704748BF20F8022B11F0804F18BF00F8D7
:10078000012B70470000000030B44FF0013C50F8DE
:10079000042B51F8043BCCFA52F4D51A20D1FCB901
:1007A00050F8042B51F8043BCCFA52F4D51A17D167
:1007B000B4B950F8042B51F8043BCCFA52F4D51AD2
:1007C0000ED16CB950F8042B51F8043BCCFA52F41A
:1007D000D51A05D1002CDAD030BC4FF0000070479C
:1007E00029BAB1FA81F111F01801D1F12000844049
:1007F000F2D1CA40CB4012F0FF0213F0FF0330BC2D
:10080000D01A70477047704770472DE9F0470D4682
:1008100099469246044600F124080168880604D5EA
:10082000E06921F01001216000E00120A84201DD13
:10083000471B00E00027A1697A1902EB0900081A9A
:10084000A0612078C00602D42046FFF7DBFD002619
:1008500008E0D4E901211AF806009047206A401CFC
:10086000761C20624E45F4DB2078C0060AD520466F
:10087000FFF7C8FD06E0D4E9012130209047206A47
:10088000401C2062381EA7F10107F4DC07E0D4E920
:10089000012118F805009047206A401C2062281E9C
:1008A000A5F10105F3DC2046FFF7C2FD2078000624
:1008B00002D50220BDE8F0870120FBE701694A1C50
:1008C00002610878704700B58FB0CDE90131002191
:1008D000059105497944CDE9031011466846FFF7B3
:1008E000F5FD0FB000BD0000E5FFFFFF0A6802F84C
:1008F000010B0A60704710B5203AC0F00B80B1E8D8
:100900001850A0E81850B1E81850A0E81850203A44
:10091000BFF4F5AF5FEA027C24BFB1E81850A0E84D
:10092000185044BF18C918C0BDE810405FEA827C67
:1009300024BF51F8043B40F8043B08BF7047D2077E
:1009400028BF31F8023B48BF11F8012B28BF20F81F
:10095000023B48BF00F8012B7047754600F02CF8A9
:10096000AE4605006946534620F00700854618B09C
:1009700020B5FFF7A9FCBDE820404FF000064FF07E
:1009800000074FF000084FF0000BAC46ACE8C00980
:10099000ACE8C009ACE8C009ACE8C00921F0070127
:1009A0008D46704710B50446AFF300802046BDE881
:1009B0001040FFF775BC000000487047F0020020AF
:1009C00001491820ABBEFEE7260002007047000078
:1009D00080B5002007F03AFD0020BDE8804000F01F
:1009E00099B9000080B5052007F030FD0520BDE86D
:1009F000804000F08FB9000080B5062007F026FD8A
:100A00000620BDE8804000F085B9000080B50720D1
:100A100007F01CFD0720BDE8804000F07BB9000016
:100A200080B5012007F012FD0120BDE8804000F0F4
:100A300071B9000080B5022007F008FD0220BDE872
:100A4000804000F067B9000080B5032007F0FEFC8D
:100A50000320BDE8804000F05DB9000080B50420AF
:100A600007F0F4FC0420BDE8804000F053B900001A
:100A700080B540F6A400C2F20000A0210322642346
:100A800000F0A6FF002818BF012080BDB0B584B0DB
:100A9000044664200DF10F01029040F6A4000125E8
:100AA0000091C2F20000A0210B220123019501F068
:100AB00087F9A0B99DF80F00E12810D164200DF14D
:100AC0000E01029040F6A40001250091C2F2000040
:100AD000A0210A220123019501F072F910B12846E4
:100AE00004B0B0BD9DF80E0007289ABF2070002505
:100AF0000125284604B0B0BDB0B584B004466420DA
:100B00000DF10F01029040F6A40001250091C2F200
:100B10000000A02107220123019501F051F9A0B99D
:100B20009DF80F00C32810D164200DF10E01029032
:100B300040F6A40001250091C2F20000A021062287
:100B40000123019501F03CF910B1284604B0B0BD75
:100B50009DF80E0005289ABF207000250125284623
:100B600004B0B0BDB0B584B0044664200DF10F01EF
:100B7000029040F6A40001250091C2F20000A021DD
:100B800005220123019501F01BF9A0B99DF80F0082
:100B90003C2810D164200DF10E01029040F6A40013
:100BA00001250091C2F20000A02104220123019539
:100BB00001F006F910B1284604B0B0BD9DF80E0052
:100BC00003289ABF207000250125284604B0B0BD37
:100BD000B0B584B0044664200DF10F01029040F6D8
:100BE000A40001250091C2F20000A02109220123E6
:100BF000019501F0E5F8A0B99DF80F00D72810D1B4
:100C000064200DF10E01029040F6A4000125009130
:100C1000C2F20000A02108220123019501F0D0F8C2
:100C200010B1284604B0B0BD9DF80E0003289ABF4D
:100C3000207000250125284604B0B0BDB0B584B0B1
:100C4000044664200DF10F01029040F6A400012536
:100C50000091C2F20000A02103220123019501F0BE
:100C6000AFF8A0B99DF80F005A2810D164200DF1FB
:100C70000E01029040F6A40001250091C2F200008E
:100C8000A02102220123019501F09AF810B1284613
:100C900004B0B0BD9DF80E0002289ABF2070002558
:100CA0000125284604B0B0BDB0B584B00446642028
:100CB0000DF10F01029040F6A40001250091C2F24F
:100CC0000000A02101220123019501F079F8A0B9CB
:100CD0009DF80F00A52810D164200DF10E0102909F
:100CE00040F6A40001250091C2F20000A0210022DC
:100CF0000123019501F064F810B1284604B0B0BD9D
:100D00009DF80E0064289ABF207000250125284612
:100D100004B0B0BD70B584B00546E1208DF80E007A
:100D200001240DF10E00CDE9000440F6A400642674
:100D3000C2F20000A0210B220123029601F06CF9FF
:100D400020B10124204604B070BD00BF052000F092
:100D500089FC0DF10F00009040F6A400C2F20000E3
:100D6000A0210A2201238DF80F500296019401F070
:100D700053F90028E6D1052000F074FC0024204639
:100D800004B070BD70B584B00546C3208DF80E0068
:100D900001240DF10E00CDE9000440F6A400642604
:100DA000C2F20000A02107220123029601F034F9CB
:100DB00020B10124204604B070BD00BF052000F022
:100DC00051FC0DF10F00009040F6A400C2F20000AB
:100DD000A021062201238DF80F500296019401F004
:100DE0001BF90028E6D1052000F03CFC0024204639
:100DF00004B070BD70B584B005463C208DF80E007F
:100E000001240DF10E00CDE9000440F6A400642693
:100E1000C2F20000A02105220123029601F0FCF895
:100E200020B10124204604B070BD00BF052000F0B1
:100E300019FC0DF10F00009040F6A400C2F2000072
:100E4000A021042201238DF80F500296019401F095
:100E5000E3F80028E6D1052000F004FC0024204639
:100E600004B070BD70B584B00546D7208DF80E0073
:100E700001240DF10E00CDE9000440F6A400642623
:100E8000C2F20000A02109220123029601F0C4F859
:100E900020B10124204604B070BD00BF052000F041
:100EA000E1FB0DF10F00009040F6A400C2F200003B
:100EB000A021082201238DF80F500296019401F021
:100EC000ABF80028E6D1052000F0CCFB002420463A
:100ED00004B070BD70B584B005465A208DF80E0080
:100EE00001240DF10E00CDE9000440F6A4006426B3
:100EF000C2F20000A02103220123029601F08CF827
:100F000020B10124204604B070BD00BF052000F0D0
:100F1000A9FB0DF10F00009040F6A400C2F2000002
:100F2000A021022201238DF80F500296019401F0B6
:100F300073F80028E6D1052000F094FB0024204639
:100F400004B070BD70B584B00546A5208DF80E00C4
:100F500001240DF10E00CDE9000440F6A400642642
:100F6000C2F20000A02101220123029601F054F8F0
:100F700020B10124204604B070BD00BF052000F060
:100F800071FB0DF10F00009040F6A400C2F20000CA
:100F9000A021002201238DF80F500296019401F048
:100FA0003BF80028E6D1052000F05CFB0024204639
:100FB00004B070BD10B540F20044C4F202042046F3
:100FC0004FF48051012200F045FC642000F04AFB00
:100FD00020464FF480510022BDE8104000F03ABC9A
:100FE00010B50024C4F2020420464FF480610022B0
:100FF00000F030FC4FF4FA7000F034FB20464FF460
:101000008061012200F026FC642000F02BFB04F537
:10101000806420464FF40051012200F01BFC4FF485
:101020007A7000F01FFB20464FF400510022BDE80B
:10103000104000F00FBC000010B540F20044C4F2B4
:10104000020420464FF48041012200F003FC64209A
:1010500000F008FB20464FF480410022BDE810401C
:1010600000F0F8BBFEE7000070470000012000F030
:101070000FBB00004FF4007000F00ABB72B600BF57
:10108000FEE7000080B5012005F0D8FA0120BDE898
:101090008040FFF777BE000080B5002005F0CEFA53
:1010A0000020BDE88040FFF76DBE000040F2000068
:1010B000C2F200008068704770B581B000220092D3
:1010C00090F83C20012A03D1022001B070BD00BF7E
:1010D000D1F800E00122BEF10A0F1FFA8EFC80F861
:1010E0003C2009D34FEA4C02036812FA8EF2A2F1B7
:1010F0001E0403F10C0204E003680EEB4E0403F13E
:10110000100207251668A54026EA050515608D68BA
:10111000166805FA04F4344314604968062907D8B0
:1011200001EB81014A1F194651F8345F0FE000BFFF
:101130000C2901EB810105D8A1F12302194651F8D0
:10114000305F04E0A1F14102194651F82C5F1F24E1
:10115000944025EA04040C600CFA02F20C6842F296
:10116000043CC4F2010C2243ACF54174A3420A6072
:1011700006D0002180F83C10002001B070BD00BFF7
:101180001221BEF1110FC1F2000118BF8E453BD1F3
:10119000DCF800208E4522F48002CCF80020DCF838
:1011A000002042F40002CCF80020E2D140F2180105
:1011B000C2F2000109684DF68362C4F21B32A1FB42
:1011C0000212910C01EB8101490000910099002964
:1011D000CFD000BF00990139009100990029C8D0F3
:1011E00000990139009100990029C2D00099013974
:1011F000009100990029BCD0009901390091009913
:101200000029E7D1B5E700BFBEF1120FB1D1DCF87C
:10121000001021F40001CCF80010DCF8001041F4BB
:101220008001CCF80010A4E70068C06C7047000093
:10123000002804BF0120704710B5016C00293DD083
:10124000016CC90645D4016C41F20212914302318E
:1012500042F204320164C4F20102116821F4403107
:101260001160136890E812102343D0F810E0136067
:101270004A68012422F480724A604A68C0F6007409
:1012800042EA0E224A604A6822F040724A604A6886
:1012900042EA0C024A608A6822F400628A60C268EC
:1012A0008B681A438A60826A8B68A24223F070635B
:1012B0008B608B6810D123F0405216E0044600F09A
:1012C00065F820460021616484F83C10016CC90671
:1012D000B9D5012153E000BF1A438A608A6822F021
:1012E00040528A60C26A8B681A438A608A6822F018
:1012F00002028A608A68037E90F8204042EA430234
:101300008A604A6884B142F400624A604A684EF2D8
:10131000000322F460424A60426ACFF6FF734C68D1
:1013200003EB4232224301E022F400624A60CA6ABF
:1013300040F2000C22F47002CA62C3694269CFF61F
:10134000F07CCC6A0CEB03532343CB628B6823F411
:1013500000738B6090F830308C6844EA43238B60D4
:101360008B6823F480638B608B6843EA82228A60F7
:1013700000214164026C012363F301020264002234
:1013800080F83C20BDE8104008467047F0B587B0B3
:1013900042F200050068C4F201050026A842069644
:1013A000CDE904660396029602D007B0F0BD00BFF7
:1013B00043F630000196C4F20200416902AC41F4E8
:1013C000807141614169032701F4807101910199A4
:1013D0000196016841F001010160016801F001011D
:1013E000019101990196016841F0020101600068D4
:1013F000214600F00200019001984020029005F57E
:101400006040CDE9037600F04FF90220CDE90207F4
:1014100005F564402146049600F046F907B0F0BD9A
:1014200070B5044600680D468268520544BF806866
:101430005FEAC05038D400F013FA21680A689207B6
:1014400049D40646681C3CD0DDB90868800721D520
:10145000086880073FD4086880071BD508688007A4
:1014600039D40868800715D50868800733D4086820
:1014700080070FD508688007E7D52CE0086880074B
:1014800029D400F0EDF9801B2168A842F6D908683C
:101490008007F3D4206C40F004002064002084F81E
:1014A0003C00032070BD00BF206C40F02000206491
:1014B000002084F83C00012070BD00BF0868800750
:1014C00009D40868800706D4086880075CBF0868EC
:1014D0005FEA8070F2D56FF012000860206C40F473
:1014E00000702064886810F0405F01D0002070BD5B
:1014F000207E0028FAD1C86A10F4700F02D08868E4
:101500004005F3D4206C20F480702064206CC0046B
:10151000ECD4206C40F001002064002070BD00007D
:1015200010B581B00021009190F83C10012903D141
:10153000022001B010BD00BF0468012180F83C10FA
:10154000214651F8083FDB0729D10B684DF683622D
:1015500043F001030B6040F21803C2F200031B6862
:10156000C4F21B32A3FB02239A0C02EB420200924C
:10157000009AA2B1009A013A0092009A7AB1009AB8
:10158000013A0092009A52B1009A013A0092009AF0
:101590002AB1009A013A0092009A002AEAD10A6818
:1015A000036CD2070CD143F01001016400F1440137
:1015B00001200A6810430860002001B010BD00BF80
:1015C00040F2017223EA020202F58072026462684C
:1015D000520504D5026C012363F30D320264026CE0
:1015E0004FF0000C0023D20444BF426C22F00603EB
:1015F00042F2000E436480F83CC06FF02200C4F257
:10160000010E2060DEF80403C00609D074450BD13A
:10161000DEF8080010F0405F06D14FF08040C8E7C8
:10162000086810F0405FF8D0002001B010BD000045
:1016300090F83C10012904BF0220704701688A68B5
:1016400022F001028A608968C90705D1016C41F264
:101650000112914301310164002180F83C10002007
:1016600070470000B0B5044600F0FAF8054640F2B5
:101670000C00C2F200000078611C18BF044400BFD7
:1016800000F0EEF8401BA042FAD3B0BD7047000056
:1016900043F61441C4F201010A68024214BF086013
:1016A0007047FFF7F3BF00002DE9F04F83B000F162
:1016B000200200F13E4741F20005009207F1FF775A
:1016C000C4F2020507224FEAB726A84208BF042247
:1016D00000254FF000084FF00009042E38BF4FEAF4
:1016E000B72201920AE000BF09F1010908F10208DE
:1016F000B9F1100F05F1040500F0A2800F68012276
:1017000002FA09FE17EA0E0AEED0D1F804C003224D
:101710000CF003077E1E02FA08F4012E6FEA040B98
:1017200012D88468CE6804EA0B0406FA08F634433B
:101730008460446824EA0E06CCF3001404FA09F429
:101740002643466004E000BF032F01D103271EE0BB
:10175000C6688C6806EA0B0604FA08F42643022FD2
:10176000C66014D16FF00302009E02EA590756F8D2
:1017700007C005F01C040F220B69A2402CEA0202EC
:10178000A3401A43F251D1F804C00CF003070268D9
:1017900007FA08F302EA0B021A431CF4403F026006
:1017A000A2D0002243F644030292C4F202031A6854
:1017B00043F6004442F480421A601A68C4F20104FD
:1017C00002F480420292029A29F003024FF6084C7A
:1017D0002244CFF6FF7C52F80C3005F00C070F26A0
:1017E000BE40B343019E06FA07F73B4342F80C3074
:1017F000A2684B6842EA0A0743F60C4CDE0258BF67
:1018000022EA0A07A760C4F2010CDCF800209E025D
:1018100042EA0A0758BF22EA0A07CCF80070626859
:101820009E0342EA0A0758BF22EA0A076760226855
:10183000DB0342EA0A0758BF22EA0A07276053E798
:1018400003B0BDE8F08F00000069084018BF012018
:1018500070470000002A08BF09048161704700003A
:1018600040F60C70C2F2000000687047002804BF08
:1018700001207047F0B581B0044690F83D0028B9CA
:10188000002084F83C00204600F074FC242084F8FA
:101890003D002068016821F001010160016841F408
:1018A00000410160016821F40041016001F0E0FFA6
:1018B000636848F2A16CC0F2010C40F60011C0F25E
:1018C0003D0163453CBF48F28041C0F21E018842A1
:1018D00002D2012001B0F0BD4DF68361C4F21B318C
:1018E000A0FB01122168970CD1F804E04FF4967622
:1018F0002EF03F0545EA92454D60774348F638168D
:101900000D6AC0F24106A7FB067625F03F07634546
:1019100038BF960C721C3A430A62CA6948F2A06644
:101920004CF6FF77C0F20106B34222EA07020BD859
:1019300001385B00B0FBF3F001306FF31F30042877
:1019400098BF04201BE000BFA768013857B11927D2
:101950007B43B0FBF3F001306FF31F3070B100F543
:10196000804007E003EB4303B0FBF3F001306FF37B
:101970001F3018B100F5004001E000BF0120104306
:10198000C8610868D4E9072320F0C0001043184359
:101990000860886848F2FF3204F10C0790438CCF4E
:1019A00018431043A6698860C86820F0FF003843D8
:1019B0003043C860086840F0010008600020202122
:1019C000206484F83D10206384F83E0001B0F0BD2F
:1019D0002DE9F04F83B01E46924688460446FFF735
:1019E0003FFF94F83D10202924D12168054600BF0F
:1019F000886980071AD5FFF733FF401B21681A2832
:101A0000F6D388698007F3D500202021206384F86D
:101A10003D1084F83E00216C41F02001216484F8DF
:101A20003C00022003B0BDE8F08F00BF94F83C00FA
:101A3000012803D1022003B0BDE8F08F4FF0010967
:101A400084F83C900868C00703D1086840F00100A2
:101A500008600868002720F400600860242084F8EB
:101A60003D000020CFF6FF702764E06208F0FE081A
:101A7000BAF1010F88BFD1464FF0A00A4FF0200BFA
:101A800004E000BF01374F4500F0A2800868002243
:101A900040F48070086020464FF0011133460095F5
:101AA00002F0C6FC2168002856D1C1F81080FFF76B
:101AB000D7FE21684B694A6994F83D50A02D054630
:101AC00005D013F0020008BF12F480601AD084F829
:101AD0003DB048690A68800742F400720A6045D444
:101AE0006FF48060486100BF88698007CAD5FFF73E
:101AF000B7FE401B21681A28F6D388698007F3D502
:101B00004AE000BFB6B100BFFFF7AAFE401BB042DB
:101B100088BF84F83DA021684A69486994F83D303F
:101B2000A02BD4D012F0020208BF10F48060EBD0DA
:101B3000CDE700BFFFF794FE84F83DA021684A6915
:101B4000486994F83D30A02BC1D012F00202BED1FA
:101B500010F48060EED0BAE70868C00544BF4FF4C7
:101B600000702064032003B0BDE8F08F00200290D5
:101B700048690290886902900298886901E000BF74
:101B8000806980071AD5FFF76BFE411B20681A2970
:101B9000F6D381698907F3D500202021206384F8DA
:101BA0003D1084F83E00216C41F02001216484F84E
:101BB0003C00012003B0BDE8F08F00BF202084F876
:101BC0003D00002084F83C0003B0BDE8F08F00BF6A
:101BD000202084F83D00002084F83C00012003B060
:101BE000BDE8F08F2DE9F04383B01E4617468946C5
:101BF0000446FFF735FE94F83D10202924D1054610
:101C0000206800BF816989071AD5FFF729FE411BAB
:101C100020681A29F6D381698907F3D5002020218D
:101C2000206384F83D1084F83E00216C41F02001CF
:101C3000216484F83C00022003B0BDE8F08300BFBB
:101C400094F83C10012903D1022003B0BDE8F083D1
:101C5000012184F83C100168C90703D1016841F0F3
:101C600001010160016840F2020821F40061016095
:101C7000212184F83D10102184F83E1000212164B8
:101C800067626685618DC0F201082185A8F10211A5
:101C9000E162E16A0A9E11F5803F18BF01291DD15A
:101CA000016841F48071016020464FF0011100226B
:101CB0003346009502F0BCFB50B120680068C005B7
:101CC00044BF4FF400702064012003B0BDE8F083EE
:101CD0002069B0F5804F07D1FE2015E00829DFD03C
:101CE000216B1229DCD0DFE7062000EAD910216839
:101CF000F030086108F10601204632462B4602F01A
:101D00007DFC0028E0D1FF20216800EA090008617D
:101D10002046414632462B4602F070FC0028D3D1C3
:101D20000020029020684169029180690290029827
:101D300006E000BF204631462A4602F01BFB18BBD6
:101D4000208D68B3204631462A4602F00BFDD8B9F3
:101D5000606A2168024612F8013B0B616262628D83
:101D6000013A6285228D531E23854F697F07E1D595
:101D70001B04DFD0437802300B616062608D013854
:101D80006085901E2085D5E7206C04289CD12068B2
:101D9000016841F400710160012003B0BDE8F083E7
:101DA0002068016841F400710160202084F83D0042
:101DB000002084F83E0084F83C0003B0BDE8F083C6
:101DC0002DE9F04784B0994616460F460446FFF7C2
:101DD00047FD94F83D10202927D10546206800BF13
:101DE000816989071CD5FFF73BFD411B20681A2933
:101DF000F6D381698907F3D500202021206384F878
:101E00003D1084F83E00206C04F13C0A40F02000B4
:101E10002064022000218AF8001004B0BDE8F08799
:101E2000A2461AF83C1F012904D1022004B0BDE8E3
:101E3000F08700BF01228AF800200368DDE90D1851
:101E40000C9ADB0703D1036843F0010303600368C6
:101E500023F400630360222084F83D00402084F8CE
:101E60003E000020206462626185608D39462085D5
:101E70000020CFF6FF70E062204632464B46CDE9A7
:101E8000008502F089F918B1012004B0BDE8F0879F
:101E9000208D08B3022813D0012835D121680A68A3
:101EA00022F480620A60002203924A6903928A69DE
:101EB0000392039A0A6842F400720A602CE000BFA1
:101EC00021680A6822F480620A600A6842F40062AB
:101ED0000A60002203921AE0002003902068416902
:101EE0000391816903910399016841F400710160D4
:101EF000202084F83D00002084F83E0000218AF86C
:101F0000001004B0BDE8F0870021039121684A6900
:101F100003928969039103990427C0F201070CE039
:101F200010690870606A218D01306062481E20854A
:101F3000618D013961850104DAD080B203280FD8A0
:101F400002284AD001282DD1204641462A4602F0D7
:101F5000C1FB002898D12068616A0069E1E700BFF1
:101F6000204641462A4602F0B5FB00287FF48CAF9C
:101F70002068616A00690870606A2268411C208DCF
:101F8000616201382085638D013B638553695B077E
:101F9000D1D580B20328C3D1106820F480601060CE
:101FA000BEE700BF2046394600224346009502F0B6
:101FB0003FFA00287FF468AF2068616A026822F463
:101FC0008062026000690870606A218D0130606281
:101FD000481E2085608D01386085204639460022E4
:101FE0004346009502F024FA00287FF44DAF2068A4
:101FF000616A026842F40072026000690870606AF7
:102000002268411C6162218D01392185618D013970
:1020100061851169417085E72DE9F04383B09946E8
:1020200016460F460446FFF71BFC94F83D10202986
:1020300024D10546206800BF816989071AD5FFF7BA
:102040000FFC411B20681A29F6D381698907F3D553
:1020500000202021206384F83D1084F83E00216C8C
:1020600041F02001216484F83C00022003B0BDE867
:10207000F08300BF94F83C10012903D1022003B083
:10208000BDE8F083012284F83C200368DDE90B18E9
:102090000A9ADB0703D1036843F001030360036876
:1020A00023F400630360212084F83D00402084F87D
:1020B0003E000020206462626185608D3946208583
:1020C0000020CFF6FF70E062204632464B46CDE955
:1020D000008502F0EBF818B1012003B0BDE8F083F1
:1020E000208D98B9204641462A4602F043F988B32C
:1020F000206C0428F0D12068016841F4007101606F
:10210000012003B0BDE8F0830004EBD02046414637
:102110002A4602F027FB0028EAD1616A22680846B5
:1021200010F8013B1361238D6062581E2085678D76
:10213000013F678557697F07E6D50704E4D04878F3
:102140001061881C6062981E2085618D013961854F
:10215000DAE700BF2068016841F4007101602020C7
:1021600084F83D00002084F83E0084F83C0003B071
:10217000BDE8F0832DE9F04786B0006845F60041E0
:10218000C4F2000100268842CDE90466CDE902666A
:1021900001962DD045F20041C4F2000188426BD176
:1021A000002443F630050094C4F20205286801A912
:1021B00040F002002860286800F0020000900098BB
:1021C000C02001901220CDE90204032004900420D5
:1021D000059040F20040C4F20200FFF765FA009457
:1021E000286940F400102861286900F4001041E0DB
:1021F00043F630070096C4F20207386840F2004404
:1022000040F0010038603868C4F2020400F00100B8
:10221000009000980096386801AD40F002003860E8
:1022200038684FF4807800F0020000900098042095
:102230004FF012094FF0030A0590A4F5806029467B
:10224000CDF80480CDE90296CDF810A0FFF72CFA66
:102250000920059020462946CDE90189CDE9036A88
:10226000FFF722FA0096386940F4000038613869B7
:1022700000F400000090009806B0BDE8F087000070
:102280002DE9F04186B00446006844F20C058168EF
:1022900043F20448C4F20005C4F20008059108F5B1
:1022A0007F77291FB84208BF08F10401096808F5C3
:1022B000406604914168B8420391314604BF43F23D
:1022C0000441C4F200010A680292626842F400729A
:1022D000B2F5007F4CD10599890744BF03995FEAA5
:1022E00001617BD40498C00721D0029840061ED516
:1022F0002068E16AB84208BF08F108052A6821F899
:10230000022BE162618E01396186618E79B9B84232
:10231000304608BF4046016821F060010160608DD1
:1023200028B9012084F84100204600F0E5F804981F
:10233000400644BF02985FEA80606BD405980007AE
:1023400044BF03985FEA806044D520684168B84282
:1023500021F0A001416008BF4646316821F06001CC
:10236000316000210191806801900198B6E000BFC2
:10237000049A920744BF029A5FEA02626AD40598FF
:10238000C00719D00398400616D52068E16AC268D4
:1023900021F8022BE162618E01396186618E59B9A3
:1023A000416821F060014160608D28B9012084F806
:1023B0004100204600F0A0F80598400644BF03986D
:1023C0005FEA806066D40498000744BF02985FEA21
:1023D000806077D406B0BDE8F08100BF616A31F853
:1023E000022B6162C260618D01396185618D0029B6
:1023F0007FF478AF416821F0A0014160608E002831
:102400007FF470AF012084F84100204600F074F89A
:1024100068E700BF20683146B84208BF41460A68F5
:1024200022F060020A60416821F0A00141600021B1
:102430000191C1680191806801900198012084F8A0
:102440004100606C40F002006064204600F056F8E5
:1024500074E700BF626AB84232F8023B626208BFAA
:1024600008F108052B60608D01386085608D0028BB
:102470007FF485AF086820F0A0000860608E002817
:102480007FF47DAF012084F84100204600F034F84D
:1024900075E700BF20684168B84221F060014160E3
:1024A000304608BF4046016821F0A00101600120CC
:1024B00084F84100606C40F002006064204600F047
:1024C0001DF880E72068B84208BF4646316821F011
:1024D000A0013160416821F060014160012084F871
:1024E0004100606C40F004012046616406B0BDE824
:1024F000F04100F003B80000704700007047000092
:10250000002804BF012070472DE9F041044690F8EF
:10251000410050B9002084F8400044F62100C0F684
:1025200000006063204600F0A5F8022184F8411005
:1025300020686269C36940F6BF76B343022AC3616B
:10254000016203D12169022244E000BFD4E90206FE
:10255000002521284FF0010038BF012500F0F6FFCB
:102560002169B1F5007F07D1E368626963B1072390
:10257000002E08BF06230BE00522002E08BF042210
:102580002A44D040626905E00823002E08BF0723D3
:102590002B44D84000EB80004000B0FBF2F04CF63A
:1025A000CD420530CCF6CC42A0FB02206FF0FF02FA
:1025B00002EB101212F1FE0F06D2606C40F0100018
:1025C00060640120BDE8F081020900F00803206882
:1025D00042EA431211430162C16940F6BF7CD4E96B
:1025E000015821EA0C06E26846EA0806A369164388
:1025F0002E431E4346F40066C661266A012E31D181
:1026000042F2812643F21C4EC0F60006C4F2000ED0
:1026100066630EF579760EF54067B04204BF43F26B
:102620001C47C4F200073968B04221EA0C01396046
:1026300044F22001C4F200014FF0020008BF0EF185
:102640000401086038686FF400714FF400660D42B1
:1026500008BF4FF41066304340EA080010431843A7
:1026600080B2386000200121606484F84110BDE828
:10267000F0810000B0B58CB0006843F20004C4F2F1
:102680000104A0424FF000000B90CDE90900CDE914
:102690000700CDE9050001D00CB0B0BD01200190CC
:1026A000C020039010200290022501A8049500F09C
:1026B00079FF002818BFFEF7E1FC002043F6300147
:1026C0000090C4F202014A6942F480524A614A69A8
:1026D00002F480520092009A00900A6842F00102CF
:1026E0000A60096801F001010091009948F2A00117
:1026F000CDE909000520CDE907150B9004F5504000
:1027000007A9FEF7D1FF0CB0B0BD00007047000074
:102710007047000040F20C0040F60C71C2F200005D
:10272000C2F2000100780A68104408607047000097
:1027300080B543F60040C4F20200016841F4007124
:102740000160016841F480610160016841F48071B9
:102750000160032000F09CF80F2000F005F800F065
:1027600027F8002080BD000070B540F20C06C2F2D0
:10277000000640F218013278C2F200014FF47A7379
:102780000968B3FBF2F20446B1FBF2F1084601F02E
:102790003FFB0F2C4FF0010508D838B94FF0FF3040
:1027A00021460022002500F047F87460284670BDDD
:1027B00082B0002043F640010190C4F202014A6851
:1027C00042F480424A604A6802F480420192019ACF
:1027D0000090086840F080500860086800F0805061
:1027E0000090009802B07047002848BF704700F082
:1027F0001F01012202FA01F11C2202EAD0004EF26E
:102800008012CEF200028150BFF34F8FBFF36F8F63
:1028100070470000002848BF704700F01F010122E8
:1028200002FA01F11C2202EAD0004EF20012CEF2AE
:10283000000281507047000010B54EF60C5CCEF2DD
:10284000000CDCF80030C3F3022E8EF00704042CD9
:1028500028BF0424BEF103034FF0FF3E0EFA04F438
:1028600038BF0023A14399400EFA03F39A43114362
:1028700000F00F0200F160430901043A03F56443DC
:102880006244002848BF02F10C03197010BD00001B
:102890004EF60C51CEF200010A684FF6FF031A40C3
:1028A00060F30A2242F0806040F0FD7008607047DB
:1028B000704700007047000070470000704700003C
:1028C000704700002DE9F04F87B005688246284622
:1028D00004F00AFE10B107B0BDE8F08FDAF800008E
:1028E00004F030FE0028F6D0D5F80808C0F30D211A
:1028F000DAF80000CAF8D41404F024FE0146DAF82D
:102900000000890703D5416901F00201416105F525
:102910000061049104F016FE0146DAF80000C906D1
:10292000059535D5816921F0100181612C6A04F08B
:102930000F0000EBC0000AEB8001C4F343400628FF
:1029400001F5157512D002281BD147F6F07014EA74
:10295000000616D0E96834090598224604F0F6FD11
:10296000E86800EB1610E86008E000BF05980AF27E
:102970009C41082204F0EAFDC4F30A14686920446B
:102980006861DAF80000816941F010018161059DFC
:1029900004F0D8FD000340F1F180DAF8000004F003
:1029A000AFFD002800F0EA8006460AF29C404FF492
:1029B000306800244FF0000B069019E005EB08008A
:1029C00002218160B80642BF05EB0800202181602A
:1029D000B80442BF05EB08004FF4005181600BF1D1
:1029E000010B760808F1200804F1240400F0C680E9
:1029F000F007F4D0DAF800005FFA8BF9494604F0EA
:102A000099FD0746C00760D005EB080001218160F1
:102A1000DAF8000008EB0001036C8A689AF80650A7
:102A2000012D25D1150733D4950600F19F8043F27F
:102A30000B05C4F65475AB42059D02D312F4004257
:102A400030D10AEB0402D2F8743209696FF3DF4126
:102A5000A3EB0101C2F868129CBBD2F86432002BD0
:102A600000F08A80D2F860020844C2F8600228E0D0
:102A700043F20B05C4F65475FF35AB4218D1059DE2
:102A800010040FD4900644BF2020886019E000BFD6
:102A900043F20B00C4F65470059D834215D312F423
:102AA000004012D04FF40040886038070FD43DE05A
:102AB000059D34B9DAF8641219B90021069A04F0B8
:102AC000EFFB50464946FFF7F9FE38072ED505EBD8
:102AD000080008218160DAF8000043F20B02056C5F
:102AE00040448168C4F6547295420BD311F40041FE
:102AF00008D04FF400418160504600F0E9FC059D8C
:102B00000AE000BF504600F0E3FC43F20B00C4F6BD
:102B100054708542059D09D39AF80600012805D115
:102B2000DAF80000069A012104F0BAFBF80642BF69
:102B300005EB080010218160B8077FF543AF686995
:102B4000000604D50499486840F4806048600AEBA8
:102B5000040090F8571201297FF430AF002180F86B
:102B600057125046494600F02FFB27E72020886087
:102B7000059D3807ABD4D9E701219FE7DAF80000BB
:102B8000CDF818A004F0DEFC400340F1D380069895
:102B9000006804F0ADFC002800F0CC8006460698E2
:102BA00005F5106900F1140100F29C400027039123
:102BB0000190CDF8089004E0760807F1010700F0D5
:102BC000B980F007F8D006985FFA87FA0068514696
:102BD00004F09EFC0446C00726D0049A07F00F00BC
:102BE000516B012303FA00F021EA0000506309EB66
:102BF0004710836006988079012811D1039907EB6B
:102C0000C70001EB8000D0E902121144C1603FB956
:102C1000006928B90698019A0068012104F040FB78
:102C200006985146FFF748FE200742BF09EB4710C0
:102C300008218160E00642BF09EB47101021816046
:102C4000600642BF09EB471040218160A00716D5FE
:102C50002846394604F0DAFB039907EBC70001EB7D
:102C6000800010F8031F012905D10021017006988A
:102C7000514600F0A7FA09EB4710022181602006B7
:102C80009AD5039907EBC70001EB8008D8E9042027
:102C9000824291D30699D8F808300C68111A9942EB
:102CA00038BF0B4604EB4711D1F818C903F1030EE6
:102CB0001FFA8CF3B3EB9E0F2DD301F5106900BF03
:102CC000D8F81020824224D9101A069AD8E902B105
:102CD0009579584538BF83461FFA8BF320465246F4
:102CE0000095059D04F0C8FED8F80C00D8F8141023
:102CF0005844C8F80C0001EB0B00C8F81400D9F8D0
:102D000018100BF1030289B2B1EB920FD8D2D8F8A8
:102D10001020DDF8089082423FF64EAF07F00F001A
:102D2000D4F83418012202FA00F021EA0000C4F8B5
:102D3000340841E7DDF81890D9F8000004F002FCEF
:102D4000002821D4D9F8000004F0FCFB00053AD497
:102D5000D9F8000004F0F6FBC00445D50499486892
:102D600020F001004860D9F80000102104F04EFB6B
:102D700099F80400010600F0EC80C1B2042900F0CB
:102D8000030035D200219AE00499486820F0010040
:102D9000486099F8CC04012808D1002089F8CC04B7
:102DA00048460021FFF784FD03E000BF484600F0DD
:102DB0008BFBD9F80000416901F00041416104F04A
:102DC000C1FB0005C4D504988068C00702D04846FE
:102DD00000F080FBD9F80000416901F40061416115
:102DE00004F0B0FBC004B9D4D9F80000DDE000BFA6
:102DF0006FF0600202EA411200234FF67F37002194
:102E0000EE18C6F80879D6F80059803325F4001575
:102E1000C6F80059C6F8087BD6F8005B9A4225F43C
:102E20000015C6F8005BD6F8005B01F1040145F01F
:102E30000065C6F8005BC6F82879D6F8205925F455
:102E40000015C6F82059C6F8287BD6F8205B25F473
:102E50000015C6F8205BD6F8205B45F00065C6F883
:102E6000205BC6F84879D6F8405925F40015C6F815
:102E70004059C6F8487BD6F8405B25F40015C6F8E3
:102E8000405BD6F8405B45F00065C6F8405BC6F88D
:102E90006879D6F8605925F40015C6F86059C6F867
:102EA000687BD6F8605B25F40015C6F8605BD6F841
:102EB000605B45F00065C6F8605B059DA0D1002809
:102EC00047D005F5106202EB41134FF67F374E01F4
:102ED0009F609559059B25F4001503F530639551C6
:102EE00003EB4115AF609D59012825F400159D5154
:102EF0009D5945F000659D512BD04E1C02EB4614A8
:102F00007501A760545903EB461624F4001454517C
:102F1000B7605F59022827F400175F515F5947F0E7
:102F200000675F5115D0881C02EB40174FF67F36C3
:102F30004101BE60575803EB401027F4001757506B
:102F40008660585820F400105850585840F00060DF
:102F50005850049F8421F869442240F00110F86120
:102F600099F80F0000284FF00B0008BF142108BF8C
:102F700042F22B007B5808BF102218437850B858F3
:102F800040F00B00B850386809F29C4220F4FE6013
:102F90003860D9F8000099F8061004F081F9D9F8E2
:102FA0000000416901F48051416104F0CBFA01460F
:102FB000D9F8000089041AD503F0B2FDD9F8000051
:102FC00004F084FAD9F8004089F8070000F04AFCC0
:102FD00099F807200146204604F0C2FC484600F05C
:102FE00071FAD9F80000416901F40051416104F01F
:102FF000A9FA000706D4D9F8000004F0A3FA0006E5
:103000000DD437E0484600F061FAD9F80000416974
:1030100001F00801416104F095FA00062AD50599EE
:10302000886920F08000886199F80400022821D383
:1030300009F5157409F11405012640F27B2704E017
:103040000136864207F1240714D219F80710012926
:10305000F6D106F00F0000EBC0023006D9F80000F0
:1030600005EB820158BF04EB820104F047F999F89F
:103070000400E5E7D9F8000004F064FAC0024BD47C
:10308000D9F8000004F05EFA059D80027CD599F81D
:103090000410022926D305F53260013909F51F72A3
:1030A000012304E02030013902F124021AD007681C
:1030B0001678012EF6D1B7F1FF3FF3DCD9F8D464CE
:1030C00086EA1747FF07EDD102F8013CAF6947F0E8
:1030D0008007AF616F693F06E4D40499486840F403
:1030E00000704860D9F80000416901F400114161A5
:1030F00004F028FA40004DD54846FFF7DBFBD9F82D
:103100000000416901F08041416104F01BFA400771
:103110007FF5E1AB45E000BF99F80400022827D312
:10312000059909F1140401F5126509F13B064FF008
:103130000108012706E000BF01372035874206F16C
:10314000240615D229687278012AF5D1B1F1FF3F22
:10315000F2DC07F00F0000EBC001D9F8000004EB2F
:10316000810186F8008004F0C9F899F80400E3E7CB
:10317000D9F80000416901F48011416104F0E2F9DD
:10318000059D80023FF583AFD9F8000004F0DAF91D
:103190004000B1D4D9F8000004F0D4F940077FF51D
:1031A0009AABD9F800004468610704D54846FFF798
:1031B00087FBD9F8000041682143416007B0BDE8B2
:1031C000F08F00007047000070470000002804BF27
:1031D00001207047F0B581B00446056890F8950469
:1031E00028B9002084F89404204600F027F9032031
:1031F000B5F1A04F84F8950404BF0020A0712068A9
:1032000004F046F894E80F00267C009603F098FC42
:10321000002840F000812068002104F0EDF900282A
:1032200040F0F98094F804E0BEF1000F00F0EC806B
:103230000EF0030CBEF1040F4FF0000240D30EF06D
:10324000FC03A4F190000321012500BFCE1E80F8ED
:10325000A460A0F8BE608E1E80F8C860A0F8E2608E
:103260004E1E80F8EC60A0F8066180F81011A0F8FE
:103270002A110E1D013180F8A55080F8A820C0E960
:103280002B22C0F8B42080F8C95080F8CC20C0E9C7
:103290003422C0F8D82080F8ED5080F8F020C0E942
:1032A0003D22C0F8FC2080F8115180F81421C0E9BB
:1032B0004622C0F82021903099423146C6D1F21EF4
:1032C000BCF1000F31D004F1140002EBC20100EB9D
:1032D0008105012300F821200021BCF1010F6B7052
:1032E0006A832971C5E9021129611ED0551C05EBBD
:1032F000C50600EB8607BCF1020F7B7000F8265074
:103300007D833971C7E9021139610ED0911C01EB3F
:10331000C10200EB8203012500F8221000205D703D
:1033200059831871C3E902001861BEF1000F6BD018
:10333000BEF1040F4FF0000236D30EF0FC00032163
:10334000234600BFCF1E83F854728F1E83F8787215
:103350004F1E83F8C0120D1D013183F8552283F8EA
:103360005822C3E99722C3F8642283F8792283F8AC
:103370007C22C3E9A022C3F8882283F89D2283F827
:103380009C7283F8A022C3E9A922C3F8AC2283F877
:10339000C12283F8C422C3E9B222C3F8D0229033F9
:1033A00081422946CED1EA1EBCF1000F2CD004F593
:1033B000157002EBC20300EB83070021BCF1010F83
:1033C000797000F823203971C7E9021139611BD0E7
:1033D000531C03EBC30700EB8706BCF1020F7170AF
:1033E00000F827303171C6E9021131610CD0911C0F
:1033F00001EBC10200EB820300275F7000F822108E
:103400001F71C3E902771F6194E80F00277C0097C2
:1034100003F0E2FC30B1022084F89504012001B0F1
:10342000F0BD00BF00206074012084F8950420687E
:1034300003F0C2FC002001B0F0BD0000B0B586B0C2
:1034400000680024B0F1A04F0594CDE90344029434
:10345000019401D006B0B0BD43F630050094C4F22B
:103460000205286801A940F001002860286800F0E2
:103470000100009000984FF4C05001900220CDE967
:103480000204032004900A2005900020C4F20200E8
:10349000FEF70AF96868002140F080006860009437
:1034A0006869002240F480406861686900F48040E7
:1034B000009000984320FFF7BFF94320FFF7AAF9D7
:1034C00006B0B0BD704700007047000070470000B4
:1034D000704700007047000081B02020C4F20E2029
:1034E0000121016047F20000C4F200000068009072
:1034F000009801B07047000047F20003C4F20003D7
:103500001A684EF6105C22F003021043CEF2000C53
:103510001860DCF80000032940F00400CCF800003B
:103520000CD0012908D130BFDCF8000020F00400E5
:10353000CCF80000704700BF40BF20BF20BFDCF8C0
:10354000000020F00400CCF80000704701281CBFE8
:103550000020704743F68400C4F2020050F87C1C3F
:10356000090242BF48F20000C0F2BB00704750F8A9
:10357000801C0268490247F64001C0F27D1102F04A
:103580003F025CBF42F20041C0F2F4010368B1FBAC
:10359000F2F10068C3F388125143C0F30270B1FB2B
:1035A000F0F07047F0B581B00446006810F0050FE8
:1035B0002DD06827C4F2472743F670060020C4F2D6
:1035C00002063860FEF74CF9054600BF56F8700C4D
:1035D000000105D5FEF744F9401B0228F6D93DE06D
:1035E000221D07CA40EA811040EA02707061012082
:1035F0003860FEF735F9054656F8700C000105D421
:10360000FEF72EF9401B0228F6D927E02068810733
:1036100058D543F670060020C4F20206009056F812
:10362000300C47F2000740F0805046F8300C56F856
:10363000300CC4F2000700F0805000900098386809
:1036400040F480703860FEF70BF905463868C00515
:1036500008D4FEF705F9401B0228F7D9032001B072
:10366000F0BD00BF306810F4407013D0216901F440
:10367000407188420ED0306840F64061C4F2472164
:10368000012220F440700A6000220A603060306835
:10369000C00723D12068216956F8682C4FF6FF47F0
:1036A00001F4407322F4F812C0F6FF770F40B3F52F
:1036B000407F08BF3A4346F8682C32686FF31F31E9
:1036C00011433160000706D5207D40F64061C4F209
:1036D0004721C1F8A003002001B0F0BDFEF7C0F8FB
:1036E000054641F2883700BF30688007D2D4FEF724
:1036F000B7F8401BB8424FF00300F5D9ECE70000E3
:10370000002804BF012070472DE9F04143F6080866
:10371000C4F202080446D8F8F8030D4600F007008A
:10372000884207D288F8F853D8F8F80300F0070069
:10373000A84277D12068810717D5410705D5D8F869
:10374000001041F4E051C8F80010010705D5D8F881
:10375000001041F46041C8F80010D8F80010A268C9
:1037600021F0F0011143C8F80010C00740D1D8F88B
:10377000F80300F00700A84207D988F8F853D8F8F2
:10378000F80300F00700A8424CD12068410707D594
:10379000D8F80010E26821F4E0511143C8F8001095
:1037A000000708D5D8F80000216920F4604040EAFD
:1037B000C100C8F8000000F083F8D8F8001048F203
:1037C000A862C1F30311C0F60002515C40F2180276
:1037D00020FA01F140F21000C2F200000068C2F2CB
:1037E00000021160FEF7C0FF0020BDE8F08100BFBD
:1037F0006068811E022907D258F8081C89015CBF45
:103800000120BDE8F08111E0012807D158F8081C1B
:1038100089035CBF0120BDE8F08107E058F8081C6F
:10382000890703D40120BDE8F08100BFD8F800105B
:1038300021F003010843C8F80000FEF711F806461E
:1038400041F28837D8F80000616800F00C00B0EB56
:10385000810F8CD0FEF704F8801BB842F2D9032008
:10386000BDE8F08140F21800C2F200000068704725
:1038700040F2180043F60801C2F20000C4F202014F
:103880000068096848F2B862C1F38221C0F60002FC
:10389000515CC8407047000040F2180043F6080130
:1038A000C2F20000C4F202010068096848F2B8627E
:1038B000C1F34231C0F60002515CC84070470000BD
:1038C00010B543F60404C4F20204606800F00C0072
:1038D00008280BD0042819BF42F20040C0F2F400BF
:1038E00047F64000C0F27D1010BD00BF206821687F
:1038F0002368490247F64001C0F27D1100F03F0203
:10390000C3F388105CBF42F20041C0F2F401A1FB96
:1039100000010023FCF7EAFC21680222C1F3014107
:1039200002EB4101B0FBF1F010BD0000002804BF24
:10393000012070472DE9F04182B00446007843F63B
:103940000006C007C4F202060CD0B06800F00C00FC
:10395000042840F081803068800303D56068002827
:1039600000F06881207880071BD5B06810F00C0F3C
:1039700009D0B06800F00C00082840F0878070681B
:10398000400200F183803068800703D5E068012899
:1039900040F050813068216920F0F80040EAC10011
:1039A00030602078000713D4207840072AD4A56916
:1039B000002D00F03A81B06800F00C00082840F0BB
:1039C000A580012D40F00E81012002B0BDE8F081FC
:1039D0006069002800F082800020C4F247200121A5
:1039E000C0F8801EFDF73CFF054600BF706F8007E2
:1039F000DAD4FDF735FF401B0228F7D9032002B0C7
:103A0000BDE8F081306C5FEAC0080AD40020019064
:103A1000306C40F080503064306C00F08050019089
:103A2000019847F20007C4F200073868C00547D480
:103A3000386840F480703860FDF712FF054600BF1B
:103A40003868C0053CD4FDF70BFF401B0228F7D9AE
:103A5000032002B0BDE8F081B06800F00C00082837
:103A600003D1706840023FF576AF61683068B1F508
:103A7000803F07D0B1F5A02F40F09A8040F480201D
:103A80003060306840F4803030609AE0E0680028B0
:103A900040F20000C4F247205CD001210160FDF734
:103AA000DFFE0546306880073FF574AFFDF7D8FEAE
:103AB000401B0228F6D9032002B0BDE8F08100BF08
:103AC000A168306F012905D0052955D140F00400C7
:103AD0003067306F40F00100306756E00020C4F2DC
:103AE00047200021C0F8801EFDF7BAFE054600BF42
:103AF000706F80077FF558AFFDF7B2FE401B0228BC
:103B0000F6D9032002B0BDE8F08100BF0027C4F25F
:103B1000472700203866FDF7A3FE022D05460DD18C
:103B20003068800140F18A80FDF79AFE401B022830
:103B30004FF00300F4D902B0BDE8F0813068800195
:103B400073D5FDF78DFE401B02284FF00300F5D919
:103B5000F1E700BF00210160FDF782FE054600BFCE
:103B6000306880077FF51DAFFDF77AFE401B022805
:103B70004FF00300F4D9DEE720F001003067306F2A
:103B8000002920F0040030677AD0FDF769FE054671
:103B900041F28837306F800700F18480FDF760FEC6
:103BA000401BB842F6D9032002B0BDE8F08100BF47
:103BB00020F4803030603068002920F480203060AC
:103BC0007AD0FDF74DFE0546306880033FF5CAAE5A
:103BD000FDF746FE401B6428F6D9032002B0BDE87D
:103BE000F08100BF7068E16900F480028A4221D14F
:103BF000216A00F03F028A421CD147F6C071626A16
:103C00000140B1EB821F15D1A16A4FF6FF73C903C2
:103C1000994300F44032A1F580318A420AD1E16A29
:103C200000F07060B0EB016F04D1002002B0BDE87D
:103C3000F08100BF012002B0BDE8F08104F11C0555
:103C40002FCD084340EA8210D9034FF6FF7291430B
:103C5000A1F5803140EA05600843706001203866B4
:103C6000FDF7FEFD044600BF30688001DDD4FDF79E
:103C7000F7FD001B02284FF00300F5D95BE700BFFA
:103C8000FDF7EEFD054641F2883700BF306F800733
:103C900008D5FDF7E5FD401BB8424FF00300F5D90C
:103CA00049E700BFB8F1000F3FF581AE306C20F05E
:103CB000805030647BE600BFFDF7D2FD054600BFB3
:103CC000306880037FF54EAEFDF7CAFD401B6428C7
:103CD0004FF00300F4D92EE74EF21000CEF20000B0
:103CE000016841F0020101607047000070B528B121
:103CF000416A29B100210161142106E0012070BD53
:103D00004168B1F5827F02D01C210022425000267A
:103D1000866290F8511029B980F85060054600F08D
:103D20003DF82846022180F8511090E82E0002F458
:103D300082720C6803F4044324F040040C601A44BB
:103D400005F4006305691A4405F0020345691A4445
:103D500005F001038569C4691A4405F400731A4427
:103D600004F03803046A1A4404F08003846A1A4396
:103D700004F400531A430A60436A042202EA15421B
:103D800003F010031A444A60CA6922F40062CA614F
:103D90000121466580F85110304670BD80B586B06F
:103DA00043F600410068C4F20001002288420592F7
:103DB000CDE903220292019202D006B080BD00BF7D
:103DC00043F630000092C4F20200036943F400435A
:103DD0000361036903F400430093009B00920368AE
:103DE00043F002030360006800F0020000900098B6
:103DF000382001900220CDE9020203200490062021
:103E0000059001F5E43001A9FDF74EFC06B080BD38
:103E1000411E0020B0EB116F1CBF012070474EF215
:103E20001002CEF2000251604EF62351CEF2000194
:103E3000F0230B7007219060116070474EF2100064
:103E4000CEF20000016821F002010160704700001D
:103E500090F83C20012A4FF0020241D010B580F8C2
:103E60003D200268D2F804E0D2F808C00C682EF0B9
:103E70007003234340F6FF34C4F20004A2425360AF
:103E800010DCB2F1804F1ED040F20043C4F20003B8
:103E90009A4218D040F60003C4F200039A4212D0AE
:103EA00016E000BF40F60043C4F200039A420AD075
:103EB00044F20003C4F201039A4204D00023C4F286
:103EC00001039A4204D149682CF0800319439160A0
:103ED0000121002280F83D1080F83C20BDE8104010
:103EE00010467047002804BF012070472DE9F047B5
:103EF000044690F83D000D4628B9002084F83C00A7
:103F0000204600F049F8022084F83D00206844F281
:103F10000702816891438160211D02F011FD206834
:103F20004FF6FF7881688269D0F820C0D5E9003E5D
:103F3000D5E9026A43EA0109AB6922EA080246EAC6
:103F400003234FF6FC46B343D5E9076742EA0A026A
:103F500029691A4342EA062242EA01112CF0AA0218
:103F60006B6942EA0E0241EA073142EA0312C0F8E5
:103F7000089081610262012084F8460084F83E00C6
:103F800084F83F0084F8420084F8430084F83D0040
:103F90000020BDE8F087000080B586B000680021F1
:103FA000B0F1804F0591CDE903110291019101D04B
:103FB00006B080BD43F630000091C4F202000269F1
:103FC00042F001020261026902F001020092009ACD
:103FD0000091026842F001020260006800F00100F6
:103FE00000900098032001900220CDE902010120F9
:103FF000059000200491C4F2020001A9FDF754FBD2
:1040000006B080BD80B590F83E2090F83F3090F823
:1040100042E090F843C004290AD0B9B9012A4FF010
:10402000010208BFBEF1010F34D0104680BD00BFB1
:10403000012B4FF0010208BFBCF1010FF5D10221A5
:1040400080F83F1080F8431000681EE0012A4FF00E
:10405000010208BF012BE8D1BEF1010FE5D1BCF18F
:10406000010FE2D1022280F83E2080F83F2080F844
:10407000422080F8432091B10068016A21F00101DB
:104080000162016A41F00101016210216FF010022A
:1040900009E000BF022180F83E1080F8421000685D
:1040A00001216FF00102036A1A400262026A1143A1
:1040B00001620168002241F001010160104680BDEB
:1040C000002804BF0120704710B5044690F8410055
:1040D00028B9002084F84000204600F021F8242070
:1040E00084F841002068C16821F40051C160204675
:1040F00002F0A2FC2068016921F49041016141694C
:1041000021F02A014161C16841F40051C1600020E1
:104110002021606484F8411084F84210606310BD6F
:1041200080B586B044F200410068C4F2000100226C
:1041300088420592CDE903220292019202D006B094
:1041400080BD00BF43F630000092C4F20200036954
:1041500043F400330361036903F400330093009BCD
:104160000092036843F001030360006800F001005F
:10417000009000980C2001900220CDE9020203205B
:1041800004900720059001F5DE3001A9FDF78CFAB7
:1041900006B080BDFEE700002DE9F04782B004467E
:1041A00000689A460B9D0A9E0368914643F480621C
:1041B000026002680F4642F48071016020464FF0B1
:1041C000011100223346009500F032F950B1206809
:1041D0000068C00544BF4FF400702064032002B0A3
:1041E000BDE8F08740F202082068C0F2010807F03D
:1041F000FE0707612046414632462B4600F0FEF995
:1042000020B1012002B0BDE8F08700BF002001907E
:1042100020682A46416901918069314601900198E0
:10422000204600F09FFAB0B92068BAF1010F09D01A
:104230004FEA19210161204631462A4600F092FAE0
:1042400048B920685FFA89F10161204631462A4663
:1042500000F088FA60B1206C0428D2D1206801688F
:1042600041F400710160012002B0BDE8F08700BF99
:10427000206800220168334641F4807101602046C5
:104280004FF00111009500F0D3F800289FD147F0BE
:10429000010C27682046414632462B46C7F810C01D
:1042A00002B0BDE8F04700F0A9B900002DE9F043E5
:1042B00083B0044600680F4601680A9D0B9E41F4D6
:1042C000807199469046016020464FF0011100220E
:1042D0002B46009600F0ACF850B120680068C0058D
:1042E00044BF4FF400702064032003B0BDE8F083A6
:1042F000206807F0FE0101610221C0F201012046A1
:104300002A46334600F07AF920B1012003B0BDE817
:10431000F08300BF0020029020683246416902917C
:104320008069294602900298204600F01BFA58B195
:10433000206C0428E9D12068016841F40071016013
:10434000012003B0BDE8F0832068B9F1010F0AD065
:104350004FEA1821016120462946324600F002FA50
:104360000028E5D120685FFA88F10161002003B0E0
:10437000BDE8F08370B50368044653F8140F400796
:1043800011D40E46481C29D086BB00BF18684005D2
:1043900027D4FDF765FA236853F8140F400737D583
:1043A00018684007F2D5002070BD00BF18684007AC
:1043B000F9D41868400514D418684007F3D4186875
:1043C00040050ED418684007EDD41868400508D49D
:1043D000186840074FF0000048BF70BD18684005DE
:1043E000E4D56FF480601860042012E0154603E005
:1043F00053F8140F4007D6D418684005F1D4FDF7E0
:104400002FFA401B2368B042F2D958694007EFD415
:10441000202000212022216384F83D2084F83E10D2
:10442000226C10432064012084F83C1070BD000011
:104430002DE9F041054600681E46144601F47F024E
:1044400001338FB242D0DDF81880B2F5803F40F0E2
:10445000878040693840C01BB0FA80F04009A04214
:1044600040F0C8804EB924E040693840C01BB0FA23
:1044700080F04009A04240F0BD80FDF7F1F9A0EBCB
:1044800008012868B142EFD941693940C91BB1FA26
:1044900081F14909A142E7D19BE000BF4069384062
:1044A000C01BB0FA80F04009A0424FF0000040F07D
:1044B000A280FDF7D5F9286841693940C91BB1FAD6
:1044C00081F14909A142E9D183E000BFB2F5803F03
:1044D00024D100BF41693940C91BB1FA81F14909B2
:1044E000A14240F0878041693940C91BB1FA81F18E
:1044F0004909A14240F07E8041693940C91BB1FAA7
:1045000081F14909A14275D141693940C91BB1FA0C
:1045100081F14909A142DDD06CE000BF81693940D9
:10452000C91BB1FA81F14909A14263D181693940BE
:10453000C91BB1FA81F14909A1425BD181693940B6
:10454000C91BB1FA81F14909A14253D181693940AE
:10455000C91BB1FA81F14909A142DFD04AE000BF8D
:1045600080693840C01BB0FA80F04009A04241D1B8
:1045700046B923E080693840C01BB0FA80F040099A
:10458000A04237D1FDF76CF9A0EB08012868B142D1
:10459000F0D981693940C91BB1FA81F14909A142B9
:1045A000E8D116E080693840C01BB0FA80F04009BD
:1045B000A0424FF0000018BFBDE8F081FDF750F9B0
:1045C000286881693940C91BB1FA81F14909A142C2
:1045D000E8D100202021286385F83D1085F83E00B1
:1045E000296C41F02001296485F83C000120BDE8D8
:1045F000F08100BF0020BDE8F0810000F0B581B07F
:10460000044600681D4643698FB203EA0701B942B8
:1046100002D1002001B0F0BD4169164601323CD004
:10462000490512D47EB300BFFDF71AF9411B20687B
:10463000B14203D941693940B9422BD1416939406E
:10464000B942E6D041694905EED5016841F40071EF
:1046500001606FF480614161042000212022216308
:1046600084F83D2084F83E10226C1043206484F8C6
:104670003C10012001B0F0BD41693940B942C8D0B9
:1046800041694905E1D4FDF7EBF8206841693940FB
:10469000B942F1D02020E0E741694905D5D441690C
:1046A0003940B942B5D041694905CED44169394054
:1046B000B942AED041694905C7D441693940B942D0
:1046C000A7D041694905C0D441693940B942E3D115
:1046D0009FE7000070B504460068154650F8143F87
:1046E0005A063DD40E4629B926E000BF50F8141FE3
:1046F000490635D40168C90621D4FDF7B1F8411B3C
:104700002068B142F2D941694906EFD40020202146
:10471000206384F83D1084F83E00206C40F02000B7
:1047200018E000BFFDF79CF8206850F8141F4906F8
:10473000ECD50168490613D40168C906F2D56FF0BB
:104740001001016000202021206384F83D1084F8CE
:104750003E00206C2064002084F83C00012070BDE5
:10476000002070BD70B50368044653F8140F0006AE
:1047700011D40E46481C29D086BB00BF18684005DE
:1047800027D4FDF76DF8236853F8140F000637D5CA
:1047900018680006F2D5002070BD00BF186800063A
:1047A000F9D41868400514D418680006F3D41868C2
:1047B00040050ED418680006EDD41868400508D4EA
:1047C000186800064FF0000048BF70BD186840052B
:1047D000E4D56FF480601860042012E0154603E011
:1047E00053F8140F0006D6D418684005F1D4FDF72D
:1047F00037F8401B2368B042F2D958690006EFD45D
:10480000202000212022216384F83D2084F83E10DE
:10481000226C10432064012084F83C1070BD00001D
:1048200010B584B001688A68039290F84120042A88
:1048300037D1039AD20717D04A68520614D5CA68EE
:10484000C36A23F8022BC362428E013A4286428E2B
:1048500052B94A68044622F060024A60012180F899
:104860004110FDF753FF20460399490619D5016809
:104870004A68920615D54A68044622F060024A60EA
:1048800000220292CA68029289680291029901216B
:1048900080F84110416C41F002014164FDF72EFEA9
:1048A000204690F84110032917D1039989070DD5A7
:1048B00001684A68120609D5426A32F8023BCB60A9
:1048C0004262428D013A4285428DFAB1039909074D
:1048D00003D501684A68920602D404B010BD00BF37
:1048E0004A6822F0A0024A60002201928968019180
:1048F0000199012180F84110416C41F004014164AB
:1049000004B0BDE81040FDF7F9BD00BF4A68044699
:1049100022F0A0024A60012180F84110FDF7F8FE64
:10492000204603990907D4D4D7E70000B0B584B076
:1049300040F6080042F2000101220024C2F2000009
:10494000C4F20101C0F6007201250394047680F8D8
:104950002040C0E90A24C56180F83040C0E9001455
:10496000C0E90244C0E90445FCF762FC002818BF16
:10497000FCF784FB0920CDE9000540F60800C2F2EF
:10498000000069460294FCF797FB002818BFFCF76B
:1049900075FB04B0B0BD00002DE9F04F87B00027D3
:1049A00043F630000697CDE90477CDE90277019709
:1049B000C4F20200016840F2000B41F00401016002
:1049C0000168C4F2020B01F0040101910199019701
:1049D00001680BF5806541F08001016001680022EB
:1049E00001F0800101910199019701684FF4E849B4
:1049F00041F001010160016801F00101019101999B
:104A00000197016841F00201016000684FF4E8413C
:104A100000F00200019001982846FCF71BFF584661
:104A20004FF4C06100224FF4C068FCF713FF4FF44D
:104A3000005002AE02904FF4881A0BF50060314628
:104A4000CDE903A7FCF730FE1020CDE90207584658
:104A500031460497FCF728FE48F20120CDE9020A0E
:104A6000284631460497FCF71FFE012428463146AC
:104A7000CDF80890CDE903470597FCF715FE584699
:104A80003146CDE90284CDE90477FCF70DFE07B08D
:104A9000BDE8F08F80B540F6500045F20041C2F20B
:104AA0000000C4F2000148F2A06200234FF4804CE1
:104AB000C0F2010280E80E00C0E9033CC0E9053302
:104AC000C0E90733FCF7D2FE002808BF80BDBDE86F
:104AD0008040FCF7D3BA000080B540F6A40045F64C
:104AE000004C41F68022C2F20000C4F2000CC0F279
:104AF00006024FF480430021C0E900C2C0E9023140
:104B0000C0E90431C0E906110162FCF7AFFE0028DC
:104B100008BF80BDBDE88040FCF7B0BA80B540F664
:104B2000F80043F20001C2F20000C4F201010023C8
:104B30004BF6803C4FF4007280E80E00C0E903336E
:104B4000C0E905C3C0E90733FDF7DAFC002808BF58
:104B500080BDBDE88040FCF791BA000080B540F60A
:104B6000246043F60041C2F20000C4F200014FF499
:104B7000827200234FF4007C80E80E000A21C0E915
:104B80000333C0E9053CC361C0E90833C0E90A3119
:104B9000FFF7ACF8002808BF80BDBDE88040FCF7F7
:104BA0006DBA000080B58CB040F67C600021C2F286
:104BB00000004FF080424FF0FF33C0E90021012296
:104BC000CDE90011C0E9021301618161CDE9032142
:104BD000CDE90521CDE90711CDE909210B9103A903
:104BE000FFF780F9002818BFFCF748FA40F67C6010
:104BF000C2F200006946FFF72BF9002818BFFCF746
:104C00003DFA0CB080BD000080B540F6C46044F2AF
:104C10000041C2F20000C4F2000100234FF00C0C6E
:104C20004FF4E13280E80E00C0E90333C0E905C368
:104C3000C361FFF745FA002808BF80BDBDE880408A
:104C4000FCF71CBA80B540F64010C2F200004FF0ED
:104C5000A0410160042101714FF40071C180022163
:104C6000C0F809100021C181FEF7B0FA002808BF82
:104C700080BDBDE88040FCF701BA0000FEE70000FF
:104C800070B540F25034C2F20004207800283FD0C2
:104C90002179207A884247D2216900EB800001EB1C
:104CA0008005A868002818BF8047EE6856B1287CA8
:104CB00040B12979207100202170266120720120E5
:104CC00031E000BF286849F2B941C0F60001FBF7A6
:104CD0005BFD58B128792178884225D0A6B1297C7E
:104CE0002070002026612171207270BD207B012878
:104CF0000ED00020207020722073FCF7D7F9BDE899
:104D0000704001F0D5BC00BF207B012818BF70BDEA
:104D10000120207040F25C10C2F2000020610720E8
:104D2000207100202072207370BD000040F25030CE
:104D3000C2F2000000214173704700002DE9F04FDE
:104D400089B082460220C2FA50F401200D468DF847
:104D50002300002605218DF81F000DF123001F46BA
:104D600005928DF822608DF821608DF82010FBF7F8
:104D700065FF0DF12200FBF7F5FE0DF12100FBF7B9
:104D8000BBFE08A8FBF782FE0DF11F00FBF720FF1A
:104D9000E0B2291A019538BF3146CDE90201800001
:104DA00050FA84F00AEB80044FF000094FF000083D
:104DB00015E000BF05980422ABEB0000B0FA80F0CC
:104DC000430909F11800C1B2712000F04FFA08F14F
:104DD0000108DDF818901434B8F1030F7AD0039865
:104DE000404577D00298BA4600EB080605985FFA6E
:104DF00086FB834509F11000069009D1C1B200205D
:104E0000802210230027009700F048FB012700E0D4
:104E10000027B01E0490226809F1120048F6F863DA
:104E2000C1B20420C0F60003751E033E009700F0D7
:104E30004FFE5746BAF1030F10D1022D0ED89DF840
:104E4000230055EA0001B5D00499002908BF0128C4
:104E5000B0D0002EBBD10228ACD0B8E7042F07D1C8
:104E6000072D05D89DF820008542A3D0AFE700BFED
:104E7000052F13D1022D11D89DF8220055EA00010B
:104E800098D00499002908BF01283FF493AF002E61
:104E90009DD103283FF48EAF99E700BF062F0DD1B7
:104EA000012D0BD89DF82100002D08BF01283FF4EB
:104EB00081AF049908433FF47DAF88E7072F7FF463
:104EC00086AF032D3FF683AF9DF81F0085423FF468
:104ED00071AF7CE7019C032C1CD9059803280AD3E9
:104EE00048F2C86300270DA2C0F600037820002115
:104EF000009700F0C1FD02980330A0420AD248F2A8
:104F0000C863002706A2C0F6000378203821009766
:104F100000F0B2FD09B0BDE8F08F00BF5E000000F8
:104F20007600000080B540F25030C2F2000000214F
:104F3000017001720173FCF7B9F8BDE8804001F01F
:104F4000B7BB000040F25030C2F20000007870475A
:104F500040F2503040F25C12C2F20000C2F2000295
:104F60000021026107220170027101720173704712
:104F700040F25030C2F20000807B704740F2503067
:104F8000C2F20000407B70472DE9F04182B040F250
:104F90005035C2F20005687B10B102B0BDE8F08167
:104FA00040F67C60C2F200000068406A6969411AFC
:104FB000B1F5004FA8BFA1F5803111F5004FD8BF62
:104FC00001F58031022913D32A786AB12A7A02299D
:104FD00006DB2B79013B934206DD012302E000BF93
:104FE00012B1FF231A442A7201F00101401A6861CC
:104FF00040F20040C4F202004FF40071FCF724FCC0
:1050000040F21406C2F2000631780446012908BFB6
:10501000002C05D0002908BF002C49D10AE000BFB0
:10502000FCF71EFC3178A8610020E873002908BF56
:10503000002C3DD12878D8BBFCF712FCA969401A96
:10504000B0F57A7F38D3A0F57A77380940F20111AC
:105050007C28E98100F2828000F004FD48F60873A4
:105060004FF0000845A2C0F6000327200A21CDF822
:10507000008000F02DFD0E202D2164220C23CDF8A0
:10508000008000F0A7FB142F0FD3B8B24CF6CD412F
:1050900048436FF0010101EB1050C2B20F202E21E6
:1050A0000A23CDF8008000F0F9F901F035F903E0AA
:1050B000002908BF012C31D02878347000283FF433
:1050C0006CAFE87B00287FF468AF00F0CBFC2C7855
:1050D000601EC0B206281CD848F28C61C0F60001E0
:1050E00051F8202048F6F8630026C0F6000300209F
:1050F0000021009600F0ECFC00200E217F220E2300
:10510000009600F0EBF9286929792A7A2346FFF7FF
:1051100015FE02B0BDE8F04101F0FEB8FCF7A0FBBF
:10512000E97B012902D10020E881C5E7A969401A7D
:10513000B0F57A7F18D928780028BDD0287B0128BF
:1051400018D10120287040F25C10C2F200002861E2
:1051500007202871002028722873ADE70120A5F8E8
:105160000D0002B0BDE8F081152828BFFFF788FDCB
:10517000A2E700BFFFF7D6FE9EE700BFE585B3E6D6
:105180009CBA000080B5012001F060FA0120BDE862
:105190008040FBF72FBE000080B5002001F056FADA
:1051A0000020BDE88040FBF725BE000080B503204D
:1051B00001F04CFA0320BDE88040FBF71BBE000065
:1051C000FEE7000070B582B040F2847440F6A4059A
:1051D000C2F200048D20C2F2000560704FF0FF366D
:1051E00028467821224602230096FCF7FBFC10207B
:1051F000607028467821224602230096FCF7F2FCD4
:10520000AE20607028467821224602230096FCF7E3
:10521000E9FC02B070BD000070B582B040F2847449
:1052200040F6A405C2F200048D20C2F200056070B1
:105230004FF0FF3628467821224602230096FCF7DD
:10524000D1FC142060702846782122460223009663
:10525000FCF7C8FCAF206070284678212246022364
:105260000096FCF7BFFC02B070BD00002DE9F04FC6
:1052700087B002900320A0EB420600200091059029
:1052800018E000BF0598019E013031B2062705B233
:1052900007EB8007801AB1F1FF3FC8BF013A12B295
:1052A0004FF00A01C8BF01EB800795423E440595C7
:1052B00000F3F08002980196841A151820B28542F6
:1052C00062DA02980599441A01EB000820B2804581
:1052D000D8DB009901275018C6B200F00700891AE0
:1052E00007FA00F05FFA81F901F007010490C0436A
:1052F00007FA01F140F284370690F00803916FEA53
:10530000010B4FEAD901C2F2000707EBC11107EB0D
:10531000C01009E011F80C7007EA0B0701F80C70D7
:10532000013427B2B845ADDB5FFA84FC3F2E04F0B0
:10533000800715D8A7B90027B9F13F0F88BF01270B
:1053400010F80CA000EB0C0E47EADC1783B1069DA9
:10535000002F05EA0A058EF80050DBD0E0E700BF19
:10536000B9F13F0FDCD8002FDAD1002BD2D106E003
:10537000049D002F45EA0A058EF80050D0D111F89F
:105380000C70039D2F43C9E70098059E3718861BB4
:105390005FFA86FA06F007060120F9B200FA06F66F
:1053A0006FEA06083F294FEADA0C06962ED9BAF1C1
:1053B0003F0F3FF686AF33B919E000BF013420B28A
:1053C0008542FFF67EAF2006F8D440F28431C2F267
:1053D000000104F07F0001EBCC110F5C07EA080725
:1053E0000F54EBE7013420B28542FFF66AAF200686
:1053F000F8D440F28431C2F2000104F07F0001EBE6
:10540000CC110F5C069E37430F54EBE707F00707FC
:10541000B8406FEA000B4FEAD10E049006E000BFDF
:105420008155013420B28542FFF64BAF2106F8D4F6
:1054300040F28430C2F20000E6B2002100EBCE1050
:10544000BAF13F0F88BF012110F80690871941EA91
:10545000D6117BB109EA0B0000293870E1D140F286
:105460008430C2F2000000EBCC10815D01EA08013B
:10547000D6E700BF0498002940EA09003870D0D16F
:1054800040F28430C2F2000000EBCC10815D069F38
:105490003943C5E707B0BDE8F08F0000002B08BF17
:1054A00070472DE9F04381B00646DDF820801044B6
:1054B0001C4689460025C7B205EB0900C1B230463B
:1054C0003A460B46CDF8008000F008F80135E8B206
:1054D000A042F1D301B0BDE8F04370472DE9F04F91
:1054E000099E904238D199421A4647B288BF0A466F
:1054F000002F39D4994240F2843738BF0B4601213E
:10550000C2F2000726B917E00133DEB296422BD86B
:10551000DEB23F2EF8D803F0F80607EB061603F0CC
:105520000705345C01FA05F524EA05053554EBE777
:105530000133DEB2964217D8DEB23F2EF8D803F020
:10554000F80607EB061603F00705345C01FA05F5CB
:1055500025433554ECE700BF994207D190421146EC
:1055600088BF01463F2B6BD9BDE8F08FA2EB000C42
:10557000A3EB010EBCF1010F4FF0010B4FF0010A3C
:10558000B8BF4FF0FF3BBEF1010FB8BF4FF0FF3A7D
:10559000BCF1000F48BFCCF1000CBEF1000F48BFBA
:1055A000CEF1000EF44540F28F8040F284390023A2
:1055B0004FF00108C2F2000976B92FE00EFA83F32A
:1055C0001C045844BCEBE43F04B21DB2DCBF5144A0
:1055D000A5EB0C039442C7D00406EFD4CEB23F2E05
:1055E000ECD806F00705C1F3C406C4B209EBC61631
:1055F000375D08FA05F527EA05053555DEE700BFF2
:105600000EFA83F31C045844BCEBE43F04B21DB211
:10561000DCBF5144A5EB0C039442A5D00406EFD4A3
:10562000CEB23F2EECD806F00705C1F3C406C4B2D3
:1056300009EBC616375D08FA05F53D433555DFE73A
:1056400003F007070125904205FA07F538BF024627
:10565000002E4FEAD30300F0858040F28437C2F277
:105660000007E84307EBC31305E000BF0432D7B2DD
:105670008F423FF679AF57B2002F03D4D7B2DE5D29
:105680000640DE55561CF7B28F423FF66DAF76B23C
:10569000002E02D4DE5D0640DE55961CF7B28F4226
:1056A0003FF662AF76B2002E02D4DE5D0640DE55D4
:1056B000D61CF7B28F423FF657AF76B2002ED5D444
:1056C000DE5D0640DE55D1E740F2843900224FF01E
:1056D0000108C2F2000986B931E000BF0CFA82F27B
:1056E00014045144BEEBE43F0CB215B2DCBF584485
:1056F000A5EB0E029C423FF437AF0406EED4CEB2C7
:105700003F2EEBD806F00705C1F3C406C4B209EB7F
:10571000C616375D08FA05F527EA05053555DDE7B4
:105720000CFA82F214045144BEEBE43F0CB215B201
:10573000DCBF5844A5EB0E029C423FF415AF0606B1
:10574000EED4CEB23F2EEBD8C1F3C404C7B209EBFE
:10575000C41406F00706E55D08FA06F63543E5557C
:10576000DEE700BF40F28430C2F2000000EBC3105D
:1057700005E000BF0432D3B28B423FF6F5AE53B220
:10578000002B03D4D3B2C75C2F43C754571CFBB2C2
:105790008B423FF6E9AE7FB2002F02D4C75C2F43A5
:1057A000C754971CFBB28B423FF6DEAE7FB2002F90
:1057B00002D4C75C2F43C754D71CFBB28B4288BFAF
:1057C000BDE8F08F7FB2002FD4D4C75C2F43C754FD
:1057D000D0E700002DE9F04182B006461044DDF824
:1057E0002080C5B21F4630462A460B460C46CDF8EF
:1057F0000080FFF773FE3819C7B2304639462A4693
:105800003B46CDF80080FFF769FE30462146324620
:105810003B46CDF80080FFF761FE284621462A4628
:105820003B46CDF80080FFF759FE02B0BDE8F0819D
:105830002DE9F04381B040F2847440F6A405C2F231
:105840000004AE20C2F2000560704FF0FF3628461B
:105850007821224602230096FCF7C4F94FF0200875
:10586000284678212246022384F801800096FCF71E
:10587000B9F910272846782122460223677000963E
:10588000FCF7B0F9B0206070284678212246022348
:105890000096FCF7A7F9C8206070284678212246B8
:1058A00002230096FCF79EF94FF000092846782164
:1058B0002246022384F801900096FCF793F92846CB
:1058C00078212246022367700096FCF78BF940206E
:1058D000607028467821224602230096FCF782F960
:1058E0008120607028467821224602230096FCF72A
:1058F00079F9DF206070284678212246022300963D
:10590000FCF770F9A1206070284678212246022316
:105910000096FCF767F9A620607028467821224699
:1059200002230096FCF75EF9A820607028467821D3
:10593000224602230096FCF755F93F206070284666
:105940007821224602230096FCF74CF9A4206070CF
:1059500028467821224602230096FCF743F9D320FB
:10596000607028467821224602230096FCF73AF917
:10597000284678212246022384F801900096FCF7FD
:1059800031F9D520607028467821224602230096FE
:10599000FCF728F9F020607028467821224602237F
:1059A0000096FCF71FF9D92060702846782122461E
:1059B00002230096FCF716F9222060702846782111
:1059C000224602230096FCF70DF9DA206070284683
:1059D0007821224602230096FCF704F91220607019
:1059E00028467821224602230096FCF7FBF8DB20AC
:1059F000607028467821224602230096FCF7F2F8D0
:105A0000284678212246022384F801800096FCF77C
:105A1000E9F88D20607028467821224602230096FE
:105A2000FCF7E0F814206070284678212246022313
:105A30000096FCF7D7F840F28430C2F200004FF431
:105A40008061FAF778FE00F067FCAF2060702846AE
:105A50007821224602230096FCF7C4F801B0BDE885
:105A6000F083000080B540F28430C2F200004FF4B1
:105A70008061FAF760FE80BD2DE9F04782B09A465A
:105A8000137813B30646DDF828809AF8010089469A
:105A9000571E00BF9AF80050A3F12002EB1DDAF860
:105AA0000410DC08C3B202FB03F000FB0412F0B2E6
:105AB0004946CDE9005800F033F99AF80100BB7867
:105AC0000644002B07F10107E4D102B0BDE8F087DE
:105AD0002DE9F04F87B092F800900492B9F1000FD1
:105AE000039100F099800446581C02901878597868
:105AF0000730C00848430430049D9A465FFA80FB93
:105B00004FF000081AE000BF221D069CBA463D78FF
:105B10007B780399109FE0B2CDE9005700F000F9BF
:105B20000298B044049A1FFA88F1007812F80190A4
:105B30000444B9F1000F12FA88F56DD04FFA89F1DB
:105B4000B1F1FF3FCDE9051408DD012657469AF86B
:105B500008A0BAF1000F25D131E000BF09F0E00044
:105B6000C02807D1022657469AF808A0BAF1000FBC
:105B700018D124E009F0F000E02807D103265746A9
:105B80009AF808A0BAF1000F0CD118E009F0F8005B
:105B9000F02841D1042657469AF808A0BAF1000F20
:105BA0000DD000BF7C6800BF284621463246FAF778
:105BB00051FD0028A8D0BAF1010A5C44F4D1F8687C
:105BC000059B05783978002B039BA1EB0501426802
:105BD000BA46194412D4EB1DA9F12006DC0843781B
:105BE00006FB04F0069C00FB0322109FE0B2C9B242
:105BF000CDE9005700F094F8012608E0069C4378B0
:105C0000109FE0B2C9B2CDE9005700F089F8DAF888
:105C10000C00013085E700BF07B0BDE8F08F000041
:105C20002DE9F04F01F0070CDDF824E003EB0C0444
:105C3000092C4FEAD10847D345B2002D20D43F2983
:105C40001ED8CCF1080BFF2323FA0BF940F2843362
:105C5000C2F2000302FA0CF603EBC813BEF1000F08
:105C600018BFF64313F800A046EA09070AEA070935
:105C70006FF0FF0747FA0BF73E4046EA09061E544D
:105C8000002D4BD4372949D804F1F703CCF108078C
:105C9000FA40DBB24FF4FF7707FA03F340F28437A0
:105CA00008F10101C2F2000707EBC111BEF1000FBC
:105CB00018BFD2430F5C42EA030637409A433A4387
:105CC0000A54BDE8F08F00BF43B2002B26D43F2911
:105CD00088BFBDE8F08F611EC9B24FF4FF7340F278
:105CE000843603FA01F1CCF10803FF27C2F2000663
:105CF00002FA0CF2DF4006EBC816BEF1000F18BF27
:105D0000D2431743355C0F432F406FF0FF0545FA30
:105D100003F323EA0101114039433154BDE8F08F08
:105D20002DE9F04F97B0002B0692129100F0F0820F
:105D3000DDE920298246B9F1000F48461D464FEAA9
:105D4000D20318BF4FF0FF30082A02F00708169060
:105D500004D2B8F1000F40F0C082D9E21298CDF819
:105D60000C8010F00708A3F10100059003F0030078
:105D7000089005EB450010904FEA850002931190C2
:105D8000079500F0C781C8F10801FF20C8401490B2
:105D90006FF0FF0008411390A8F101000F91C0B20D
:105DA0004FF4FF7101FA00F00E90C0430D906800AF
:105DB0000A901C2000EAD200404200210C90099574
:105DC000CDF85480CDF810A00FE000BF10980B99CB
:105DD000013010900A98013101300A900998A942C7
:105DE00000F10100099000F06F8201EB0A000B91B5
:105DF00041B240F2843E0029C2F2000EE6D4059979
:105E00005FFA80FB032905D200240898002840F09F
:105E1000DD80DBE7069C032508E000BF0C98043515
:105E2000284403281198044400F0C880129800EB1D
:105E3000C50AAAF11800C1B23F2930D80B98CA0888
:105E400014F8009015980EEBC21309FA00F6169894
:105E5000149F464013F80BE0139846EA070C0EEA2D
:105E60000C0740F2843E0640DDF85480C2F2000E7A
:105E70003743372903F80B7011D8511C0F9A0EEBDA
:105E8000C11129FA02F0169A0E9B504011F80B200E
:105E900003431A400D9B1840104301F80B00AAF170
:105EA0001000C1B23F2929D80998CA0814F800C0C7
:105EB00016980CFA08F343400EEBC217149817F823
:105EC0000B6018433040139EDDF854803340184374
:105ED000372907F80B0011D80F99501C169A2CFA85
:105EE00001F10EEBC0100E9B514010F80B200B433C
:105EF0001A400D9B1940114300F80B10AAF108003D
:105F0000C1B23F2929D80A98CA0814F800C01698C7
:105F10000CFA08F343400EEBC217149817F80B6005
:105F200018433040139EDDF854803340184337291E
:105F300007F80B0011D80F99501C169A2CFA01F192
:105F40000EEBC0100E9B514010F80B200B431A4073
:105F50000D9B1940114300F80B105FFA8AF13F299D
:105F60003FF65CAF1098CA0814F800C016980CFAF7
:105F700008F343400EEBC217149817F80B60184350
:105F80003040139EDDF8548033401843372907F81A
:105F90000B003FF643AF0F99501C169A2CFA01F1F3
:105FA0000EEBC0100E9B514010F80B200B431A4013
:105FB0000D9B1940114300F80B102FE7EC1EDDF884
:105FC00010A0079D089800283FF400AF129806998A
:105FD00000EBC4000B9AC0B23F2801EB020C2BD897
:105FE00004FB05F11CF80190C208169909FA08F3A0
:105FF0000EEBC217149D4B4017F80B6013991D430D
:106000002E40079D0B40DDF854803343372807F8B6
:106010000B3011D8501C0F9A0EEBC01029FA02F168
:10602000169A0E9B514010F80B200B431A400D9B03
:106030001940114300F80B10089801283FF4C6AE30
:106040001298611C00EBC100C0B23F282AD86943F6
:106050001CF80190C208169909FA08F30EEBC21752
:10606000149D4B4017F80B6013991D432E40079D5C
:106070000B40DDF854803343372807F80B3011D834
:10608000501C0F9A0EEBC01029FA02F1169A0E9BC3
:10609000514010F80B200B431A400D9B194011433F
:1060A00000F80B10089802283FF490AE1298A11C3B
:1060B00000EBC100C0B23F283FF688AE69431CF830
:1060C0000110169FC20801FA08F37B400EEBC217BD
:1060D000149D17F80B60139C1D432E40079D234011
:1060E000DDF854803343372807F80B303FF66EAEA7
:1060F000501C0F9A0EEBC010D140169A0E9B5140C7
:1061000010F80B200B431A400D9B1940114300F867
:106110000B105BE61C2000EAD2004FEA450EC0F1EE
:10612000000C0024A9460AE01098013401300EF159
:10613000010EAC4209F10109109000F0C58004EB9A
:106140000A0041B20029EFD40599C3B2032905D250
:106150000020089900296BD1E6E700BF06980322CA
:1061600007E000BF04320CEB020103291199084437
:1061700058D0129901EBC201A1F11805EEB23F2EE1
:106180000ED9A1F11005EEB23F2E1AD9A1F10805E2
:10619000EEB23F2E27D9CDB23F2DE3D833E000BF7A
:1061A000065D169F05F0F8057E4040F28437C2F286
:1061B000000707EB0515EE54A1F11005EEB23F2ED6
:1061C000E4D810F80960169F05F0F8057E4040F20B
:1061D0008437C2F2000707EB0515EE54A1F108055C
:1061E000EEB23F2ED7D810F80E60169F05F0F805D6
:1061F0007E4040F28437C2F2000707EB0515EE54EB
:10620000CDB23F2DAED8109D169E455D01F0F80130
:10621000754040F28436C2F2000606EB0111CD54FF
:10622000A0E700BF079DD01E089900293FF47CAF6E
:10623000129901EBC002D1B23F29069921440ED830
:10624000079D169E45434D5D02F0F802754040F2F1
:106250008436C2F2000606EB0212D554079D089A56
:10626000012A3FF461AF129A451C02EBC502D6B277
:106270003F2E0DD8079E02F0F80275434D5D169E25
:10628000754040F28436C2F2000606EB0212D55485
:10629000089A079D022A3FF447AF821C129800EB30
:1062A000C200C5B23F2D079D3FF63EAF6A43895CF1
:1062B000169A00F0F800514040F28432C2F2000217
:1062C00002EB0010C1542FE7DDF80C80DDE9202936
:1062D000029BB8F1000F1BD0D5B1129902F0F80063
:1062E00001440698CEB213FB05046D424FF0FF3017
:1062F000471C2044427807EB0A00C0B231464346AF
:10630000CDF80090FFF78CFCE81901303846EFD14A
:1063100017B0BDE8F08F00002DE9F04F81B040F2DA
:106320008678C2F200084020454640F2847740F665
:10633000A40605F8010BC2F20007B020C2F2000665
:1063400078704FF0FF34304678213A4602230094AB
:10635000FBF748FC4FF0000A304678213A4602230A
:1063600087F801A00094FBF73DFC4FF0100B30467E
:1063700078213A46022387F801B00094FBF732FCFB
:1063800040F28439C2F20009284649468022FAF7D1
:106390008DF930467821424681230094FBF722FC98
:1063A000B1207870304678213A4602230094FBF7FA
:1063B00019FC304678213A46022387F801A0009460
:1063C000FBF710FC304678213A46022387F801B0EB
:1063D0000094FBF707FC09F1800128468022FAF7B8
:1063E00065F930467821424681230094FBF7FAFB99
:1063F000B2207870304678213A4602230094FBF7A9
:10640000F1FB304678213A46022387F801A0009438
:10641000FBF7E8FB304678213A46022387F801B0C3
:106420000094FBF7DFFB09F5807128468022FAF71C
:106430003DF930467821424681230094FBF7D2FB98
:10644000B3207870304678213A4602230094FBF757
:10645000C9FB304678213A46022387F801A0009410
:10646000FBF7C0FB304678213A46022387F801B09B
:106470000094FBF7B7FB09F5C07128468022FAF7B4
:1064800015F930467821424681230094FBF7AAFB98
:10649000B4207870304678213A4602230094FBF706
:1064A000A1FB304678213A46022387F801A00094E8
:1064B000FBF798FB304678213A46022387F801B073
:1064C0000094FBF78FFB09F5007128468022FAF74C
:1064D000EDF830467821424681230094FBF782FB99
:1064E000B5207870304678213A4602230094FBF7B5
:1064F00079FB304678213A46022387F801A00094C0
:10650000FBF770FB304678213A46022387F801B04A
:106510000094FBF767FB09F5207128468022FAF703
:10652000C5F830467821424681230094FBF75AFB98
:10653000B6207870304678213A4602230094FBF763
:1065400051FB304678213A46022387F801A0009497
:10655000FBF748FB304678213A46022387F801B022
:106560000094FBF73FFB09F5407128468022FAF7BB
:106570009DF830467821424681230094FBF732FB98
:10658000B7207870304678213A4602230094FBF712
:1065900029FB304678213A46022387F801A000946F
:1065A000FBF720FB304678213A46022387F801B0FA
:1065B0000094FBF717FB09F5607128468022FAF773
:1065C00075F830467821424681230094FBF70AFB98
:1065D00001B0BDE8F08F000040F64010C2F20000AC
:1065E000FCF770B97047000080B5002000F036F865
:1065F0000020BDE88040FAF735BC000080B50120DE
:1066000000F02CF80120BDE88040FAF72BBC000018
:1066100080B5032000F022F80320BDE88040FAF79F
:1066200021BC000080B5022000F018F80220BDE86F
:106630008040FAF717BC00007047000040F26C3150
:10664000C2F20001487001F021BF000040F26C313D
:10665000C2F20001087001F055BF000040F20001D5
:10666000C2F200010870704740F20001C2F200015E
:106670000228487088BF7047B0B5C000C0B2012181
:10668000002421FA00F24FF48031C4F2020421FA0E
:1066900000F520464FF40071FBF7DCF804F580604C
:1066A000EAB24FF48061BDE8B040FBF7D3B8000018
:1066B00040F2000120EAE070C2F20001632828BF26
:1066C0006320886040F67C61C2F2000109684000E6
:1066D00048627047FCF71EB8F0B593B007AC20468F
:1066E0003021FAF728F8002543F640000695CDE959
:1066F0000455CDE902550195C4F202000168022655
:1067000041F08051016000680F2700F08050019037
:10671000019847F200000195C4F20000016841F4BD
:1067200040410160006800F4404001900198012060
:1067300007904FF4803008904FF480000E90902026
:106740001090042011900520129020460D960F976E
:10675000FDF7ECF810B172B6FEE700BF4FF48050C1
:10676000CDE9050502A80121CDE902760495FCF7E3
:10677000C7FF18B172B600BFFEE700BF13B0F0BD8F
:106780004EF68850CEF20000016841F470010160BD
:10679000704700002DE9F04F85B040F26C38C2F22E
:1067A000000898F80200012806D198F80800FAF7C6
:1067B000C9FB002088F8020040F2004BC4F2020B33
:1067C000ABF5806420464FF4007101224FF400794C
:1067D0004FF0010AFBF73EF858464FF48061002263
:1067E0000027FBF737F820464FF480610022FBF7C3
:1067F00031F801F0F1FE3220FAF734FFFEF7E2FC47
:10680000FDF71CFB43F630000097C4F2020001685C
:106810006E4641F0020101600068314600F002005E
:10682000009000984FF40410CDE9010A5846CDE9D4
:106830000377CDF80090FAF737FF02204FF4881560
:10684000029058463146CDF800A00195FAF72CFF8A
:1068500047F20000C4F200000168002241F0040188
:10686000016017200021FBF7E7FF1720FBF7D2FF9D
:10687000062000210022FBF7DFFF0620FBF7CAFFFE
:1068800001200121FCF738FE1720FBF7ADFF0620A1
:10689000FBF7AAFF43F61440C4F20100C0F80090D1
:1068A000C0F800A0FFF718FFFDF716FA584631466A
:1068B000CDE900950297FAF7F7FE58463146CDE943
:1068C00000A50297FAF7F0FE6420FAF7CBFE40F23B
:1068D0000005C2F200056878022812D8C000C0B2D4
:1068E0004FF480312AFA00F221FA00F620464FF4E4
:1068F0000071FAF7AFFFF2B258464FF48061FAF731
:10690000A9FFFFF7AFF8FFF707FDFEF785FC4FF48F
:10691000FA70FAF7A7FE20464FF480610122FAF7D9
:1069200099FFC820FAF79EFE01F06CFEA86801F0FE
:10693000BDFCFAF795FFC8F80C0005B0BDE8F08F74
:10694000B0B540F2FF7E0568C4F2000E40F2000CC4
:106950007045C4F2010C1DDD40F60003C4F20003D3
:10696000984220D060451ED040F60043C4F2000398
:10697000984218D04FF6FF73C4F2000398421DDC12
:10698000704527DCB0F1804F3CD040F20043C4F2A8
:10699000000335E0B0F1804F05D040F20043C4F26F
:1069A00000039842E6D14B6825F0700243EA0205E5
:1069B0004FF6FF73C4F200039842E1DD44F2FF3367
:1069C000C4F20103984211DC60451BD044F200037D
:1069D00014E000BF40F60003C4F20003984211D057
:1069E00040F60043C4F200030AE000BF44F600038F
:1069F000C4F20103984205D044F20043C4F20103FB
:106A0000984204D1CB6825F4407243EA02050A6833
:106A10008C684B696045C462826202D10969CCF816
:106A20003010026825F0800142F004021943026030
:106A3000012242610160B0BDB0B50446006804F1B6
:106A400008030ECB0569194325F440552A4302611A
:106A50006269E3691143C268194349F20C639A43BE
:106A60001143C1604169A26921F4407141F20043C0
:106A7000114340F48062C4F201039A42416103D1A0
:106A8000FCF70AFF02E000BFFCF7F2FEE1694FF6F7
:106A90009C7563681922C0F6FF75B1F5004FA0FB25
:106AA00002011FD15A00DB0FF9F720FC48F21F51F9
:106AB000C5F2EB11A0FB01235A0905F1805302FB3B
:106AC0000300322303EBC000A0FB01014FF4F87078
:106AD00000EA111000EB0210C1F3421108442168D2
:106AE0008860B0BD9A009B0FF9F700FC48F21F5177
:106AF000C5F2EB11A0FB01235A0902FB050032236A
:106B000003EB0010A0FB0101F02000EA511000EBA4
:106B10000210C1F34311084421688860B0BD000031
:106B20000146D0F8000940F2FF729043C1F8000915
:106B3000D1F8040840F480720020C1F8042870479E
:106B400082B002F47F42B2F5807F40F09980826B80
:106B50004FF6BF7322F480328263C268CFF6BD73F2
:106B60001A40C260029BC268DBB222F44012012BC1
:106B7000C26003D1C26842F48012C2600022009257
:106B8000009A01320092009AB2F1706F00F2F08028
:106B90000269002A21D4009A01320092009AB2F1CF
:106BA000706F00F2E5800269002A16D4009A013263
:106BB0000092009AB2F1706F00F2DA800269002A46
:106BC0000BD4009A01320092009AB2F1706F00F279
:106BD000CF800269B2F1FF3FD2DC0A220092009A14
:106BE000AAB100BF009A013A0092009A7AB1009AC5
:106BF000013A0092009A52B1009A013A0092009A2A
:106C00002AB1009A013A0092009A002AEAD1026958
:106C100042F001020261009A01320092009AB2F140
:106C2000706F00F2A5800269D20720D0009A01326D
:106C30000092009AB2F1706F00F29A800269D20756
:106C400015D0009A01320092009AB2F1706F00F2F2
:106C50008F800269D2070AD0009A01320092009A0E
:106C6000B2F1706F00F284800269D207D3D14FF085
:106C7000000C01F47F01B1F5803F40F099808FE076
:106C8000C26842F04002C26000220192019A0132C1
:106C90000192019AB2F1706F72D80269002A1ED473
:106CA000019A01320192019AB2F1706F68D80269BB
:106CB000002A14D4019A01320192019AB2F1706F44
:106CC0005ED80269002A0AD4019A01320192019A1F
:106CD000B2F1706F54D80269B2F1FF3FD6DC0A22DC
:106CE0000192019AAAB100BF019A013A0192019A58
:106CF0007AB1019A013A0192019A52B1019A013A8C
:106D00000192019A2AB1019A013A0192019A002A4C
:106D1000EAD1026942F001020261019A0132019254
:106D2000019AB2F1706F2BD80269D2071DD0019A77
:106D300001320192019AB2F1706F21D80269D20733
:106D400013D0019A01320192019AB2F1706F17D8F3
:106D50000269D20709D0019A01320192019AB2F177
:106D6000706F0DD80269D207D7D14FF0000C09E03F
:106D70004FF0030C01F47F01B1F5803F18D10FE013
:106D80004FF0030C826B13F47F4F14BF22F4803258
:106D900042F48032826301F47F01B1F5803F07D174
:106DA000816841F006018160816841F020018160C5
:106DB000604602B0704700000146D0F8000E20F097
:106DC0000300C1F8000ED1F8040840F002020020D0
:106DD000C1F80428704700002DE9F04F86B0C3F3D6
:106DE000074516468E460021C0F80411C0F8081168
:106DF000C0F80C11C0F81011C0F81411C0F8181127
:106E0000C0F81C11C0F82011C0F82411C0F82811D6
:106E1000C0F82C11C0F83011C0F83411C0F8381186
:106E2000C0F83C1145B1816B21F400118163816B85
:106E300041F4002111E000BFD0F8041841F0020134
:106E4000C0F80418816B41F400118163816B21F457
:106E500000218163816B21F4802106F47F428163EC
:106E60000021B2F5807FC0F8001E07D1D0F80028BD
:106E7000B1EB1E6F08D1C0F8002809E0D0F8001867
:106E800041F0030102E000BF42F00101C0F8001828
:106E9000002104910499013104910499B1F1706FBA
:106EA00052D8016900291ED4049901310491049932
:106EB000B1F1706F48D80169002914D404990131E7
:106EC00004910499B1F1706F3ED8016900290AD488
:106ED0000499013104910499B1F1706F34D80169BA
:106EE000B1F1FF3FD6DC002104914FF484610161D0
:106EF0000499013104910499B1F1706F24D80169AA
:106F000089061DD50499013104910499B1F1706F7E
:106F10001AD80169890613D504990131049104999D
:106F2000B1F1706F10D80169890609D50499013152
:106F300004910499B1F1706F06D801698906D7D41C
:106F40004FF0000A02E000BF4FF0010A0021059156
:106F50000599013105910599B1F1706F4ED801691C
:106F600000291ED40599013105910599B1F1706F81
:106F700044D80169002914D4059901310591059976
:106F8000B1F1706F3AD8016900290AD4059901312D
:106F900005910599B1F1706F30D80169B1F1FF3FEA
:106FA000D6DC00210591102101610599013105917F
:106FB0000599B1F1706F21D80169C90620D50599ED
:106FC000013105910599B1F1706F17D80169C906B2
:106FD00016D50599013105910599B1F1706F0DD85C
:106FE0000169C9060CD50599013105910599B1F1E1
:106FF000706F03D80169C906D7D401E04FF0010AC8
:107000005FFA8EF94FF00008B9F1000FC0F8108850
:10701000C0F81488C0F81C8800F00D81CDF80CA0D1
:10702000CDE9015ED0F800194FF0006404EA1111B7
:107030004FF67F35B9F1010BC0F80019C0F810897F
:10704000C0F8085974D0A9F1020103290BF0030A12
:1070500004D20121BAF1000F40D169E000962BF073
:10706000030700F5186600234FF0904C4FF67F326F
:107070004FF0000E56F8601C0EF1040E0CEAE171A0
:1070800046F8601C46F8503C46F8582C56F8401C10
:1070900077450CEAE17146F8401C46F8303C46F86A
:1070A000382C56F8201C0CEAE17146F8201C46F8F2
:1070B000103C46F8182C31680CEAE17131603361FC
:1070C000B26006F18006D5D1009E0EF101014FF6A7
:1070D0007F354FF00064BAF1000F29D000F510633E
:1070E0004F01B446DE594FF0904202EAE67603EBD8
:1070F0004111DE51664600274FF67F33BAF1010F8A
:107100000F618B6014D00E6ABAF1020F02EAE672C8
:1071100066460A620F638B620AD00A6C4FF0904396
:1071200003EAE2720A6400220A654FF67F328A643B
:10713000D0F8001BBBF1000F04EA1111C0F8001BCE
:107140004FF00001C0F8101BC0F8085BDDE9015EDC
:10715000DDF80CA06FD0A9F1020103290BF0030C9C
:1071600004D20121BCF1000F3BD164E0A946009696
:107170002BF0030500F5386600234FF090474FF6DB
:107180007F32002156F8604C043107EAE47446F877
:10719000604C46F8503C46F8582C56F8404C8D420E
:1071A00007EAE47446F8404C46F8303C46F8382C80
:1071B00056F8204C07EAE47446F8204C46F8103C98
:1071C00046F8182C346807EAE47434603361B2601E
:1071D00006F18006D6D1009E01314D46BCF1000F6C
:1071E00029D000F530634F013446DE594FF090420C
:1071F00002EAE67603EB4111DE51264600274FF600
:107200007F33BCF1010F0F618B6014D00E6ABCF1AB
:10721000020F02EAE67226460A620F638B620AD008
:107220000A6C4FF0904303EAE2720A6400220A6596
:107230004FF67F328A64D0F810181EF47F0F21F4C5
:107240008071C0F810186FF08041C0F8188041615B
:1072500003D1816941F010018161816943F6000227
:10726000C8F23C02114316F47F0F816103D081699B
:1072700041F008018161012D05D1816941F0804112
:1072800041F004018161504606B0BDE8F08F000076
:107290000146806820F0010200208A6070470000EB
:1072A000D0F840C043F20B03C4F654739C4503D39B
:1072B000D0F8003B002B1ED40023C0F8103BD0F8C0
:1072C000103B012943F40023C0F8103BD0F8103BD9
:1072D00043F01803C0F8103BD0F8103B43F0C04314
:1072E000C0F8103B07D1C0F8142BD0F8001B41F0B8
:1072F0008021C0F8001B00207047000081B00022F0
:1073000000924A780978012A4FEA41113AD100F5F2
:1073100010625058B0F1FF3F3ADC885842F21073C7
:1073200040F000608850885840F0804088500098B5
:10733000013000900098984264D85058B0F1FF3F57
:1073400026DC009801300090009898425AD8505896
:10735000B0F1FF3F1CDC009801300090009898428B
:1073600050D85058B0F1FF3F12DC00980130009027
:107370000098984246D85058B0F1FF3F4FF00000B7
:10738000D5DD3CE000F530625058B0F1FF3F03DD41
:10739000002001B0704700BF885842F2107340F0DF
:1073A00000608850885840F0804088500098013034
:1073B00000900098984225D85058B0F1FF3FE7DC84
:1073C000009801300090009898421BD85058B0F1B6
:1073D000FF3FDDDC0098013000900098984211D802
:1073E0005058B0F1FF3FD3DC009801300090009876
:1073F000984207D8505800284FF00000D6D401B06A
:10740000704700BF012001B07047000081B000222A
:107410000092009A01320092009AB2F1706F51D836
:107420000269002A1ED4009A01320092009AB2F139
:10743000706F47D80269002A14D4009A0132009272
:10744000009AB2F1706F3DD80269002A0AD4009AFE
:1074500001320092009AB2F1706F33D80269B2F132
:10746000FF3FD6DC890100222031009201610099A2
:10747000013100910099B1F1706F23D8016989063B
:107480001DD50099013100910099B1F1706F19D8A3
:107490000169890613D50099013100910099B1F174
:1074A000706F0FD80169890609D5009901310091E3
:1074B0000099B1F1706F05D801698906D7D4002011
:1074C00001B07047032001B070470000D0F80808F1
:1074D00000F0060180074FF0020058BF0F2000297E
:1074E00008BF084670470000406900F0010070477F
:1074F000D0F81818D0F81C08084080B27047000077
:10750000D0F81818D0F81C080840000C704700008C
:10751000D0F810C8D0F8343801F00F0223FA02F284
:10752000D20100EB4110D2B2D0F8080942EA0C01B6
:107530000840704700EB4111D1F8081BD0F814083F
:1075400008407047416980690840704710B593084A
:1075500002F0030E2CD05A1E032A03F0030C0FD3A3
:1075600023F003034FF480528458043B0C6084588A
:107570004C6084588C608458CC6001F11001F3D1C8
:10758000BCF1000F14D04FF4805284580B46BCF16C
:10759000010F43F8044B05D11946BEF1000F0AD183
:1075A0001EE000BF8258BCF1020F4A601AD10831B8
:1075B000BEF1000F14D04FF4805280580A46BEF13D
:1075C000010F02F8010B04BF104610BD020ABEF104
:1075D000020F4A7004BF881C10BD000C8870033174
:1075E000084610BD4FF4805282588A600C31BEF1BB
:1075F000000FE0D1F4E70000B0B50446C0680029F0
:1076000020F0C040E06000F09980012940F0B08097
:10761000E0680A2540F00050E0600A20FAF722F8FE
:1076200054F8140FC00740F09C800A20FAF71AF8AB
:107630002068C00740F09E800A20FAF713F82068FF
:10764000C00740F0A5800A20FAF70CF82068C007B0
:1076500040F0AC800A20FAF705F82068C00740F037
:10766000B3800A20F9F7FEFF2068C00740F0BA8017
:107670000A20F9F7F7FF2068C00740F0C1800A2010
:10768000F9F7F0FF2068C00740F0C8800A20F9F73A
:10769000E9FF2068C00740F0CF800A20F9F7E2FF39
:1076A0002068C00740F0D6800A20F9F7DBFF206889
:1076B000C00740F0DD800A20F9F7D4FF2068C0073A
:1076C00040F0E4800A20F9F7CDFF2068C00740F0C1
:1076D000EB800A20F9F7C6FF2068C00740F0F2806F
:1076E0000A20F9F7BFFF2068C00740F0F9800A20A0
:1076F000F9F7B8FF2068C00740F000810A20F9F7C9
:10770000B1FF2068C00740F007810A20F9F7AAFFFF
:107710002068C00740F00E810A20F9F7A3FF206817
:10772000C00740F016810A20F9F79CFF2068C825A1
:10773000A5F1C800B0FA80F04009B0BDE0680A25A4
:1077400040F08040E0600A20F9F78CFF54F8140FF5
:10775000C00706D00A20F9F785FF2068C00711D1BD
:107760001425A5F1C800B0FA80F04009B0BD00BFF3
:107770000120B0BD1425A5F1C800B0FA80F0400981
:10778000B0BD00BF0A20F9F76DFF2068C00707D120
:107790001E25A5F1C800B0FA80F04009B0BD00BFB9
:1077A0000A20F9F75FFF2068C00707D12825A5F157
:1077B000C800B0FA80F04009B0BD00BF0A20F9F758
:1077C00051FF2068C00707D13225A5F1C800B0FAE3
:1077D00080F04009B0BD00BF0A20F9F743FF2068E0
:1077E000C00707D13C25A5F1C800B0FA80F04009D8
:1077F000B0BD00BF0A20F9F735FF2068C00707D1E8
:107800004625A5F1C800B0FA80F04009B0BD00BF20
:107810000A20F9F727FF2068C00707D15025A5F1F6
:10782000C800B0FA80F04009B0BD00BF0A20F9F7E7
:1078300019FF2068C00707D15A25A5F1C800B0FA82
:1078400080F04009B0BD00BF0A20F9F70BFF2068A7
:10785000C00707D16425A5F1C800B0FA80F040093F
:10786000B0BD00BF0A20F9F7FDFE2068C00707D1B0
:107870006E25A5F1C800B0FA80F04009B0BD00BF88
:107880000A20F9F7EFFE2068C00707D17825A5F197
:10789000C800B0FA80F04009B0BD00BF0A20F9F777
:1078A000E1FE2068C00707D18225A5F1C800B0FA23
:1078B00080F04009B0BD00BF0A20F9F7D3FE206870
:1078C000C00707D18C25A5F1C800B0FA80F04009A7
:1078D000B0BD00BF0A20F9F7C5FE2068C00707D178
:1078E0009625A5F1C800B0FA80F04009B0BD00BFF0
:1078F0000A20F9F7B7FE2068C00707D1A025A5F137
:10790000C800B0FA80F04009B0BD00BF0A20F9F706
:10791000A9FE2068C00707D1AA25A5F1C800B0FAC2
:1079200080F04009B0BD00BF0A20F9F79BFE206837
:10793000C00707D1B425A5F1C800B0FA80F040090E
:10794000B0BD00BF0A20F9F78DFE2068C0077FF4A4
:10795000EAAEBE25A5F1C800B0FA80F04009B0BD7E
:10796000022A02465FD145F24030CFF6277043F23B
:1079700000530844C0F20C03984203D24FF47050F5
:1079800053E000BF41F64060CFF61B7044F2402345
:107990000844C0F20F03984202D24FF4605044E012
:1079A000A1F5740044F68073A0F51050C0F21203E4
:1079B000984203D24FF4505037E000BFA1F18370DA
:1079C0004DF22063A0F5E740C0F21303984203D2C2
:1079D0004FF4405029E000BF4BF26060CFF6E56005
:1079E0004EF260330844C0F21603984202D24FF4BC
:1079F00030501AE04DF20030CFF6CE6047F24073BF
:107A00000844C0F21B03984202D24FF420500CE00D
:107A100045F6C030CFF6B36049F2C0130844C0F257
:107A2000210398420AD24FF41050D16821F47051CA
:107A3000D160D16801430020D1607047A1F1B770D7
:107A400047F22053A0F55850C0F23803984203D2B1
:107A50004FF40050E9E700BF45F2E040CFF659602F
:107A600049F6E0430144C0F241034FF4C05099424B
:107A700038BF4FF4E050D8E710B5DDF808C0BCF1CE
:107A8000000F2CD15BB303F1030E4FF0FF3303EB78
:107A90009E0300F580541203032BCEF3810C0FD309
:107AA0004FEA9E0323F003030868043B1051486823
:107AB000105188681051C86801F110011051F3D1BC
:107AC000BCF1000F0BD00868BCF1010FA05006D02C
:107AD0004868BCF1020FA0501CBF8868A05000206D
:107AE00010BD0000FEE7000080B50120FEF7BCFDE0
:107AF0000120BDE88040F9F7EDB9000080B5022013
:107B0000FEF7B2FD0220BDE88040F9F7E3B90000BE
:107B100080B50020FEF7A8FD0020BDE88040F9F701
:107B2000D9B9000088B043F6700540F20044C4F2B1
:107B30000205C4F20204FAF7FBFDFEF7CDFDFCF7E7
:107B40002BFFFCF7F3FEFCF7A5FFFCF7C5FFFCF7E6
:107B5000E5FFFDF703F8FDF725F8FDF755F8FDF70C
:107B600071F84FF4FA70F9F77DFDA4F580642046B2
:107B70004FF480610122F9F76DFE0026049655F856
:107B8000300C40F0805045F8300C55F8300C00F0C7
:107B9000805004900498FBF79FFC286840F0010097
:107BA00028604CF24F30296889070CD486420AD8E5
:107BB000296889075CBF29685FEA817103D4296855
:107BC00004368907EFD5C820F9F74CFDFDF730FEE4
:107BD000FDF748FF48F61875C0F6000500260FF2BD
:107BE0006062042002212B460096FDF771FF0FF220
:107BF0006062042022212B460096FDF769FFFEF704
:107C00008BFBFCF78BFFFCF7A9FFFCF7CBFFFCF726
:107C1000FBFFFDF717F840F67C69C2F20009484601
:107C20003C21FCF7EFF9F8F723FF40F20008C2F21D
:107C3000000878BB1E208DF8100004A8F9F734F86E
:107C400018B99DF81000C8F8080001208DF80F0041
:107C50000DF10F00F8F7F2FFE0B99DF80F000228D0
:107C600088F8010016D8C000C0B2012121FA00F244
:107C70004FF4803121FA00F520464FF40071F9F7F6
:107C8000E9FD40F20040EAB2C4F202004FF4806124
:107C9000F9F7E0FD4FF4FA70F9F7E4FCD8F80800C2
:107CA000D9F80010400048620220F9F7DBFC00F030
:107CB0002DFB0DF10F008DF80F60F8F753FF40F228
:107CC0006C3AC2F2000A28B99DF80F008AF8000049
:107CD00000F018FC00208DF80E000DF10E00F8F7F2
:107CE0000BFF28B99DF80E008AF8010000F0CEFBCA
:107CF00001208DF80D000DF10D00F8F769FF18B99E
:107D00009DF80D0088F8000005208DF80C0003A8F0
:107D1000F8F7BCFE18B99DF80C0000F097FB40F294
:107D20000040C4F2020001210127F9F78DFD8AF815
:107D30000300FDF70DF9F9F793FDCAF80C004FF0B9
:107D4000FF3040F608049FED088A9FED089A9FEDEA
:107D500008AA0290002608F10200C2F20004B6EE62
:107D600000BA019073E000BF333353403333C34054
:107D700000F07F459AF80400002800F049828AF854
:107D800003B00920CDE90407069704AF2046394621
:107D90000796F9F791F92046F9F7C2FB20460A2128
:107DA000F9F73EFB2046F9F73FFA05462046F9F77A
:107DB0003FFC00EE105AB8EE400A20EE080A20EE12
:107DC000090A80EE0A0A38460FF2B44130EE0B0A77
:107DD000BDEEC00A10EE102AF8F700FB48F6E86383
:107DE000042010213A46C0F600030096FDF770FE0D
:107DF00049F26F559AF80000C0F600052A4603289C
:107E00009CBF0FF2804151F8202048F6E86304201F
:107E10001C21C0F600030096FDF75AFE9AF80100F7
:107E20002A4605289CBF0FF26C4151F8202048F6E5
:107E3000E86304202821C0F600030096FDF748FE01
:107E4000FEF76AFA012700BF0320F9F70BFCFDF7E4
:107E50009BF8FDF793F818B1FCF768FFFEF79AFC62
:107E6000FDF770F80028EFD1FDF782F80028EBD17C
:107E7000FDF7F8FDD9F80010486A4010B0F1FF3F57
:107E80000ADD642814D36320C622C8F808004A62B9
:107E90000299884207D010E00020C8F80800486224
:107EA0000299884209D19AF80200012813D020E0F3
:107EB000C8F8080002998842F5D000F0F7F9F9F700
:107EC000CFFCD8F80810CAF8100008460291CAF88A
:107ED00008108AF80270F9F7C3FCDAF81010401A9B
:107EE000B0F5FA6F05D39AF80800F9F72BF88AF87D
:107EF0000260019DD8F808202846D9A1F8F76EFA4B
:107F000048F2C06344200521D7A2C0F600030096C2
:107F1000FDF7B2FD48F628733C2014212A46C0F62E
:107F200000030096FDF7D4FDD8F808003721C501FD
:107F3000002080220A230096FDF74CFC6DB14BF225
:107F40000350CAF27E50A5FB0001C1F38712012045
:107F5000382108230096FDF7A1FA0620CDE9040791
:107F6000204604A907960697F9F7A6F82046F9F7E0
:107F7000D7FA20460A21F9F753FA2046F9F754F9BF
:107F800005462046F9F754FBB5F59B6F00F2EE80ED
:107F90000620CDE90407204604A907960697F9F7BD
:107FA0008BF82046F9F7BCFA20460A21F9F738FA8F
:107FB0002046F9F739F905462046F9F739FBB5F5BA
:107FC0009B6F00F2D3800620CDE90407204604A968
:107FD00007960697F9F770F82046F9F7A1FA2046B8
:107FE0000A21F9F71DFA2046F9F71EF90546204641
:107FF000F9F71EFBB5F59B6F00F2B8800620CDE9BE
:108000000407204604A907960697F9F755F8204675
:10801000F9F786FA20460A21F9F702FA2046F9F71D
:1080200003F905462046F9F703FBB5F59B6F00F20F
:108030009D800620CDE90407204604A907960697EF
:10804000F9F73AF82046F9F76BFA20460A21F9F7D2
:10805000E7F92046F9F7E8F805462046F9F7E8FA87
:10806000B5F59B6F00F282800620CDE9040720461B
:1080700004A907960697F9F71FF82046F9F750FA72
:1080800020460A21F9F7CCF92046F9F7CDF8054644
:108090002046F9F7CDFAB5F59B6F67D80620CDE9F4
:1080A0000407204604A907960697F9F705F8204625
:1080B000F9F736FA20460A21F9F7B2F92046F9F71E
:1080C000B3F805462046F9F7B3FAB5F59B6F4DD8DE
:1080D0000620CDE90407204604A907960697F8F77D
:1080E000EBFF2046F9F71CFA20460A21F9F798F928
:1080F0002046F9F799F805462046F9F799FAB5F5BB
:108100009B6F33D80620CDE90407204604A90796C3
:108110000697F8F7D1FF2046F9F702FA20460A2120
:10812000F9F77EF92046F9F77FF805462046F9F77A
:108130007FFAB5F59B6F19D80620CDE904072046D4
:1081400004A907960697F8F7B7FF2046F9F7E8F96C
:1081500020460A21F9F764F92046F9F765F8054643
:108160002046F9F765FAB5F59B6F03D9F9F778FB67
:10817000CAF81400F9F774FBDAF814100022401A58
:1081800064284FF0000138BF012263288AF80420D8
:1081900005D8F9F765FB9AF80410CAF80C0036A266
:1081A00033A048F6E863002908BF024604200421F2
:1081B000C0F600030096FDF78BFC40F20040C4F2CD
:1081C00002000121F9F740FB98F8001083460329CB
:1081D0003FF4D5AD02297FF4CDAD9AF80300012814
:1081E00008BFBBF1000F26D09AF8040050EA0B003C
:1081F0007FF4C5ADF9F734FBDAF80C10401A42F2FF
:10820000BF71C0F2090188427FF6B9AD13E000BF2B
:1082100047F24075C0F21B0542F2BF700029C0F260
:10822000090008BF451CF9F71BFBDAF80C10401ACF
:10823000A842FFF4A4AD8AF803B0FEF7ABFAA0E5BC
:10824000E6989FE781ABE8AEA1E5889200000000C8
:10825000E9B8A2E69EADE587BAE59381000000008B
:108260002530326C64000000564F4C554D450000DF
:1082700053544F502000000053544152540000000A
:108280002564560071950008879500086F950008D1
:10829000849500087F9500087A9500086F9500087E
:1082A0006F9500086F9500087495000820B1632849
:1082B00004D9002012E000BFFF200FE0C0F16400ED
:1082C0006421484380B24AF27F5148436FF0010174
:1082D00001EB9051C8B2FF3818BF084680B582B094
:1082E0004C218DF8070040F650008DF806104FF035
:1082F000640CC2F200000DF10602A8210223CDF8A1
:1083000000C0F9F76FFC02B080BD0000B0B586B0C8
:108310000520F9F7A7F941F20300ADF80A0040F68D
:1083200050006424C2F200000DF10A02A8210223C9
:108330000094F9F757FC002818BFF8F79FFE0220B9
:108340000225F9F78FF940F23320ADF80C0040F622
:108350005000C2F2000003AAA82102230094F9F7FA
:1083600041FC002818BFF8F789FE0120F9F77AF9D7
:1083700040F650006424C2F200000DF10E02A82164
:108380000223ADF80E500094F9F72CFC002818BF1A
:10839000F8F774FE0120F9F765F946F25300ADF8DD
:1083A000100040F65000C2F2000004AAA8210223E7
:1083B0000094F9F717FC002818BFF8F75FFE0120BA
:1083C000F9F750F95420ADF8120040F6500064243B
:1083D000C2F200000DF11202A82102230094F9F765
:1083E00001FC002818BFF8F749FE0120F9F73AF917
:1083F00043F24C00ADF8140040F65000C2F2000009
:1084000005AAA82102230094F9F7ECFB002818BF65
:10841000F8F734FE0120F9F725F940F20330ADF802
:10842000160040F650006425C2F200000DF116025D
:10843000A82102230095F9F7D5FB002818BFF8F70B
:108440001DFE0520F9F70EF906B0B0BD80B582B06B
:10845000072888BF05200BA1085C54218DF8070070
:1084600040F650008DF806104FF0640CC2F2000088
:108470000DF10602A8210223CDF800C0F9F7B2FBE6
:1084800002B080BD0004080C1014181CF0B583B0B5
:1084900040F60705C2F200052978044601F00F00F6
:1084A00004F0070140EA011602208DF8060040F6AC
:1084B00050006427C2F200000DF10602A821022339
:1084C0008DF807600097F9F78DFB012C08D1532038
:1084D000ADF8080040F65000C2F2000002AA09E020
:1084E00046F25300ADF80A0040F65000C2F2000018
:1084F0000DF10A02A82102230097F9F773FB2E70F1
:1085000003B0F0BD2DE9F04184B040F60708C2F297
:10851000000898F8001000F0030201F07C01032825
:1085200001EB020642D140F65004C2F200040225DB
:108530008DF8071064270DF106022046A8210223BA
:108540008DF806500097F9F74DFB41F20320ADF886
:10855000080002AA2046A82102230097F9F742FB4F
:108560000220F9F77FF80DF10A022046A821022324
:108570008DF80A508DF80B600097F9F733FB0F2048
:10858000F9F770F840F20330ADF80C0003AA20466A
:10859000A82102230097F9F725FB0520F9F762F8D7
:1085A00088F8006004B0BDE8F08100BF02208DF8BB
:1085B0000E0040F650006427C2F200000DF10E02DA
:1085C000A82102238DF80F600097F9F70BFB88F8BC
:1085D000006004B0BDE8F08180B582B00320ADF842
:1085E000060040F650004FF0640CC2F200000DF19E
:1085F0000602A8210223CDF800C0F9F7F3FA02B071
:1086000080BD0000B0B582B040F6500440F20320B7
:10861000C2F20004ADF80400642501AA2046A82196
:1086200002230095F9F7DEFA0520F9F71BF840F26E
:108630000330ADF806000DF106022046A821022302
:108640000095F9F7CFFA0520F9F70CF802B0B0BDA4
:1086500030380A2801D20120704700207047F1EE1F
:10866000100A4FF6FF71C0F2C03120EA010040F05D
:108670004070E1EE100A704704000008000000009E
:10868000000000020001000010000000AF9400088C
:10869000F1940008E494000895940008A29400085E
:1086A00088940008FE94000800000000000000000C
:1086B0000102030406070809000000000102030488
:1086C00010080000D086000808060000C08C0008D2
:1086D000000000000000000000000000000000009A
:1086E000000000F80000000000000033300000002F
:1086F00000100C06100C0600000000000000000036
:1087000040C07840C0784000043F04043F040400A7
:10871000007088FC08300000001820FF211E0000B7
:10872000F008F000E018000000211C031E211E00CC
:1087300000F00888700000001E2123241927211052
:1087400010160E00000000000000000000000000F5
:10875000000000E01804020000000007182040009C
:1087600000020418E000000000402018070000008C
:10877000404080F0804040000202010F01020200F0
:10878000000000F0000000000101011F01010100D4
:10879000000000000000000080B070000000000039
:1087A00000000000000000000001010101010101C2
:1087B0000000000000000000003030000000000059
:1087C000000000008060180400601806010000002E
:1087D00000E010080810E000000F102020100F002B
:1087E000001010F8000000000020203F20200000B2
:1087F000007008080888700000302824222130000A
:1088000000300888884830000018202020110E0011
:108810000000C02010F8000000070424243F2400BA
:1088200000F80888880808000019212020110E008F
:1088300000E0108888180000000F112020110E00A1
:1088400000380808C83808000000003F0000000099
:108850000070880808887000001C222121221C005A
:1088600000E010080810E0000000312222110F0083
:10887000000000C0C0000000000000303000000018
:108880000000008000000000000080600000000088
:1088900000008040201008000001020408102000A1
:1088A00040404040404040000404040404040400EC
:1088B0000008102040800000002010080402010081
:1088C000007048080808F000000000303601000081
:1088D000C030C828E810E0000718272423140B0034
:1088E0000000C038E0000000203C230202273820AE
:1088F00008F8888888700000203F202020110E0092
:10890000C030080808083800071820202010080088
:1089100008F808080810E000203F202020100F0071
:1089200008F88888E8081000203F2020232018003D
:1089300008F88888E8081000203F200003000000A5
:10894000C03008080838000007182020221E020046
:1089500008F808000008F808203F210101213F2005
:10896000000808F8080800000020203F2020000030
:1089700000000808F8080800C08080807F00000020
:1089800008F888C028180800203F20012638200059
:1089900008F8080000000000203F202020203000C0
:1089A00008F8F800F8F80800203F003F003F2000DA
:1089B00008F830C00008F808203F200007183F00E2
:1089C000E01008080810E0000F10202020100F0011
:1089D00008F808080808F000203F21010101000004
:1089E000E01008080810E0000F18242438504F0049
:1089F00008F8888888887000203F2000030C302009
:108A000000708808080838000038202121221C0046
:108A1000180808F8080818000000203F200000008F
:108A200008F808000008F808001F202020201F0078
:108A30000878880000C83808000007380E010000D8
:108A4000F80800F80008F800033C0700073C0300A2
:108A5000081868808068180820302C03032C302008
:108A60000838C800C83808000000203F2000000077
:108A700010080808C83808002038262120201800CF
:108A8000000000FE020202000000007F40404000A3
:108A9000000C30C000000000000000010638C000DB
:108AA00000020202FE000000004040407F00000083
:108AB00000000402020204000000000000000000A8
:108AC00000000000000000008080808080808080A6
:108AD000000202040000000000000000000000008E
:108AE00000008080808000000019242222223F2084
:108AF00008F8008080000000003F112020110E00C7
:108B00000000008080800000000E11202020110055
:108B1000000000808088F800000E112020103F2007
:108B20000000808080800000001F2222222213008B
:108B3000008080F0888888180020203F20200000D6
:108B40000000808080808000006B9494949360008B
:108B500008F8008080800000203F210000203F2096
:108B600000809898000000000020203F2020000096
:108B7000000000809898000000C08080807F000086
:108B800008F8000080808000203F24022D30200063
:108B9000000808F8000000000020203F202000000E
:108BA0008080808080808000203F20003F20003F28
:108BB0008080008080800000203F210000203F2036
:108BC0000000808080800000001F202020201F00E7
:108BD000808000808000000080FFA12020110E0016
:108BE0000000008080808000000E112020A0FF8007
:108BF000808080008080800020203F2120000100B4
:108C00000000808080808000003324242424190008
:108C1000008080E0808000000000001F2020000015
:108C20008080000000808000001F202020103F2056
:108C3000808080000080808000010E3008060100E6
:108C400080800080008080800F300C030C300F008B
:108C500000808000808080000020312E0E312000B6
:108C6000808080000080808080818E7018060100E6
:108C700000808080808080000021302C2221300004
:108C800000000000807C020200000000003F404025
:108C900000000000FF00000000000000FF000000D6
:108CA0000002027C800000000040403F0000000005
:108CB00000060101020204040000000000000000A0
:108CC0000000000000000000002F0000000007006E
:108CD000070000147F147F1400242A7F2A120062E8
:108CE0006408132300364955225000000503000094
:108CF00000001C224100000041221C000014083E1C
:108D000008140008083E0808000000A060000008E1
:108D10000808080800006060000000201008040235
:108D2000003E5149453E0000427F400000426151F3
:108D30004946002141454B31001814127F1000278D
:108D400045454539003C4A49493000017109050350
:108D500000364949493600064949291E0000363681
:108D600000000000563600000008142241000014E4
:108D700014141414000041221408000201510906C1
:108D800000324959513E007C1211127C007F494942
:108D90004936003E41414122007F4141221C007F73
:108DA00049494941007F09090901003E4149497A81
:108DB000007F0808087F0000417F410000204041FB
:108DC0003F01007F08142241007F40404040007F67
:108DD000020C027F007F0408107F003E4141413EAB
:108DE000007F09090906003E4151215E007F0919F3
:108DF00029460046494949310001017F0101003FF0
:108E00004040403F001F2040201F003F4038403F6F
:108E100000631408146300070870080700615149D3
:108E2000454300007F41410000552A552A55000066
:108E300041417F00000402010204004040404040E4
:108E4000000001020400002054545478007F48447C
:108E5000443800384444442000384444487F0038B3
:108E60005454541800087E0901020018A4A4A47CDC
:108E7000007F080404780000447D400000408084A6
:108E80007D00007F102844000000417F4000007CEE
:108E900004180478007C08040478003844444438FA
:108EA00000FC242424180018242418FC007C080446
:108EB000040800485454542000043F444020003C1F
:108EC0004040207C001C2040201C003C4030403CA6
:108ED000004428102844001CA0A0A07C0044645436
:108EE0004C441414141414140A0A00008C9500083D
:108EF00015000000C08600080E0E000084970008D0
:108F000034000000C086000819190000049E000803
:108F100002000000C08600081E1E0000D49E00084B
:108F200008000000C08600081E1E0000388F0008E0
:108F30000A000000C08600083000000000000000A9
:108F40000000000080E0F07030383838383070F0C1
:108F5000E0800000000000000000000000000000B1
:108F600000F8FFFF07000000000000000007FFFFFF
:108F7000F8000000000000000000000000000007F2
:108F80007FFFF88000000000000080F8FF7F0700EE
:108F900000000000000000000000000000000001D0
:108FA0000303030707070703030301000000000092
:108FB0000000000031000000000000000000000080
:108FC00000606070703030F0F000000000000000C1
:108FD0000000000000000000000000000000000091
:108FE0000000000000FFFF00000000000000000083
:108FF0000000000000000000000000000000000071
:10900000000000FFFF000000000000000000000062
:109010000000000000000000000000000000000050
:10902000000303000000000000000000000000003A
:109030003200000000000000000000000030303866
:10904000383838383070F0E0C00000000000000010
:109050000000000000000000000000000000000010
:10906000000080C0F0FF3F0600000000000000008C
:10907000000000000000008080C0E070383C1E0F3F
:1090800007030100000000000000000000000000D5
:109090000000000000070707070707070707070783
:1090A0000707070700000000000000003300000071
:1090B0000000000000000000003030383838383838
:1090C0003870F0E0C0000000000000000000000068
:1090D000000000000000000000E0E0E0E0E0E0B0A0
:1090E000BF9F0F0000000000000000000000000013
:1090F0000000000000000000000000000081C3FF2D
:10910000FF3C000000000000000000000000000024
:109110000000030707070707070703030301000011
:10912000000000000000000034000000000000000B
:109130000000000000000000000080E0F0F0F0F00F
:10914000000000000000000000000000000000001F
:10915000000080C0F0781E0F070100FFFFFF000035
:109160000000000000000000000000000000001FE0
:109170001F1F1C1C1C1C1C1C1CFFFFFF1C1C1C009C
:1091800000000000000000000000000000000000DF
:1091900000000000000000030303000000000000C6
:1091A000000000003500000000000000000000008A
:1091B0000080F8F838383838383838383800000047
:1091C0000000000000000000000000000000407FE0
:1091D0003F37303030307070E0E0C0800000000079
:1091E000000000000000000000000000000000007F
:1091F000000000000080C0FFFF7F000000000000B2
:10920000000000000000000000000303070707073C
:10921000070303030301000000000000000000003A
:10922000360000000000000000000000000080C0C8
:10923000E0E07030303838380000000000000000F6
:1092400000000000000000000080F8FFFF633130E4
:109250003030303070E0E08000000000000000009E
:10926000000000000000000F7FFFE1800000000010
:10927000000080E1FF7F000000000000000000000F
:1092800000000000000000010303030707070703B5
:109290000303010000000000000000003700000090
:1092A000000000000000003030303030303030300E
:1092B000303030B0F0F0000000000000000000008E
:1092C0000000000000000000000000000080E0F846
:1092D0007E1F0700000000000000000000000000EA
:1092E0000000000000000080E0F87E1F0701000081
:1092F000000000000000000000000000000000006E
:109300000000000002030301000000000000000054
:109310000000000000000000380000000000000015
:1093200000000000C0E0F07038383838383870F08D
:10933000E0800000000000000000000000000000CD
:1093400000000F1FBFF0E0E0C0C0E0E0F0BFBF0FC3
:109350000000000000000000000000000000007C91
:10936000FFFF83010000000000000183FFFF7C007D
:1093700000000000000000000000000000000101EB
:1093800003030707070707070303010100000000A5
:109390000000000039000000000000000000000094
:1093A00080E0F07038383838383070E0C080000025
:1093B000000000000000000000000000001CFFFF93
:1093C000E18000000000000080E3FFFF00000000DB
:1093D0000000000000000000000000000001030386
:1093E00003030383C3E3F17F1F07000000000000B5
:1093F0000000000000000000000000000707070355
:109400000303010100000000000000000000000054
:10941000E5A29EE79B8A2030644200E5A29EE79B7E
:109420008A202D3130644200E5A29EE79B8A202DE0
:1094300032644200E5A29EE79B8A202D31326442CD
:1094400000E5A29EE79B8A202D34644200E5A29E9F
:10945000E79B8A202D3134644200E5A29EE79B8A77
:10946000202D36644200E5A29EE79B8A202D3864B9
:10947000420031325600313556003338346B487A69
:10948000003736386B487A00E5BC80E585B3E9A241
:1094900091E78E8700E6A8A1E68B9FE5A29EE79B59
:1094A0008A00E8B083E588B6E6A8A1E5BC8F00E4B1
:1094B000B8BBE88F9CE58D9500E8BF94E59B9E00C6
:1094C000E697A0E692ADE694BE3130E58886E99253
:1094D0009F00E697A0E692ADE694BE3330E588861D
:1094E000E9929F00E794B5E58E8BE8AEBEE7BDAE8E
:1094F00000E8939DE78999E8AEBEE7BDAE00E5853B
:10950000B3E69CBAE8AEBEE7BDAE00E4B88AE4B804
:1095100080E69BB200E4B88BE4B880E69BB20042E0
:109520004420E8B083E588B6003153505720E8B0B6
:1095300083E588B600487962726964E8B083E5889B
:10954000B600E8939DE78999E9858DE5AFB900E418
:10955000B88DE887AAE58AA8E585B3E69CBA00E954
:109560009A8FE4B8BBE69CBAE585B3E69CBA003FA7
:1095700000424400313032344B003338344B003732
:1095800036384B0042442F31535057003000000012
:10959000000010CE0202CC0000000000000001011B
:1095A00000000000310000000000000402FE000086
:1095B0000000000000000001000000003200000078
:1095C0000000008242221C00000000000001010196
:1095D0000100000033000000000000021212EE0043
:1095E0000000000001010101010000003400000042
:1095F000000040704842FE400000000000000000F3
:1096000001000000350000000000001E1212E20000
:109610000000000000010101000000003600000011
:10962000000000FC1212B200000000000000010166
:1096300001000000370000000000020282720E02EA
:1096400000000000000001000000000038000000E1
:10965000000000EE1232EE000000000000010101E7
:109660000100000039000000000000362222FC004A
:109670000000000000010101000000005700000090
:1096800000007E803030807E00000000000100007D
:10969000010000005600000000000638C0C0380677
:1096A0000000000000000101000000005300000065
:1096B0000000001E1222A240000000000101010172
:1096C000010000005400000000000202FE0202023D
:1096D0000000000000000100000000004100000048
:1096E000000080704E4E70800000000001000000FD
:1096F0000001000052000000000000FE2262DE00B7
:109700000000000000010000000100004F00000008
:109710000000788602028678000000000001010146
:109720000100000050000000000000FE2222160888
:1097300000000000000100000000000042000000E6
:109740000000FE12121236CC0000000001010101DF
:1097500001000000440000000000FE0202028478C4
:109760000000000001010101000000004B000000AA
:10977000000000FE1068C4020000000000010000AC
:1097800000010000E8BF94002021E60000FE1272F4
:109790009212917100001008070816111814121186
:1097A00012141800E3808100000000000000000097
:1097B0000000000000000000000408180000000085
:1097C00000000000E59B9E0000FE0202F2929292D1
:1097D000F20202FE0000001F080809080808090834
:1097E000081F0000E8939D0002720202FF02423A45
:1097F00017325212020010101F11111F111F1111E8
:109800001F101000E789990001191511915111FFDE
:10981000111111110000040402010008100F0000D2
:1098200000000000E8AEBE001011F6002050CF414D
:109830004141CF50100000000F041210080502052E
:1098400008101000E7BDAE00101715F557555D550F
:1098500057F5151710001010101F15151515151FA9
:1098600010101000E8AFB1001011F600486A5ACA93
:109870007E49D969480000000F041208040300095A
:1098800011090700E9AA9700027A427EC000FC5441
:10989000D556D454DC00020209100F100F020F023B
:1098A0000F121F00E794B50000FC242424FF242499
:1098B0002424FC00000000010101010F111111110D
:1098C00011101E00E58E8B000000FE02424242FA9B
:1098D000424242420200100C03101010101F1010E0
:1098E00011161000E4B8BB00000888888889FA883F
:1098F0008888880800001010101010101F10101019
:1099000010101000E5A29E001010FF10107C55668C
:109910007C6655447C000404030202001F151515E3
:10992000151F0000E58AA000080808FF0808F800D5
:10993000FC040404FC001008060108100F001F08B6
:1099400008081F00E5878F00020CC020FC04D454D7
:10995000D4FF04856600010F100C030003120B05F1
:1099600006091E00E5B08F00008070000000FF00B7
:109970000010204080000100000008100F000000CF
:1099800000000100E9878D00080AFAAAAAAAFEA928
:10999000A9A9F90908001012121212121F121212AC
:1099A00012121000E696B00012565AF35A5612FEE2
:1099B0001212F11110000403101F00110A07000019
:1099C0001F000000E9858D00F2927E127E92F20067
:1099D000E222223E00001F0A0A0A0A0A1F000F1094
:1099E00010101E00E5AFB900041424C43C08084858
:1099F0008808FF080800080403000300000009109D
:109A00000F000000E99FB3001012D2565A52535271
:109A10005A56D212100000001F0909090909090944
:109A20001F000000E9878F001010FF555555F555B0
:109A30005555FF1010001010151515151F1515158B
:109A400015101000E88F9C00021232521732CA0A19
:109A50004F2A1A0202001111090503011F01030513
:109A600009111100E58D95000000FC959694FC9479
:109A70009695FC0000000202020202021F0202028E
:109A800002020200E79B8A008848A99A8C8888888D
:109A90008C9AA948880010101F10101F101F10105A
:109AA0001F101000E4B88A000000000000FF101032
:109AB00010101000000010101010101F10101010C7
:109AC00010101000E4B88B00010101010101FF0931
:109AD0001121610101000000000000001F000000D2
:109AE00000000000E6A8A1008868FF284802FAAF3D
:109AF000AAAAAFFA020001001F0012120A0603060A
:109B00000A121200E68B9F008484FF4424FE0004A6
:109B10001800FF00000008100F00001712090402CF
:109B200001061800E4B880004040404040404040FA
:109B300040404040400000000000000000000000E5
:109B400000000000E69BB20000F88888FF88888843
:109B5000FF8888F80000001F08080F0808080F0891
:109B6000081F0000E6B7B7000811C22000DF151576
:109B700015D5151F8000011F0000001F0905000FEB
:109B800011111C00E5908800202010A8A4A2A1A219
:109B9000A4A8102020000000001F08080808081FC3
:109BA00000000000E5BC800040404242FE424242CC
:109BB000FE424240400000100806010000001F0065
:109BC00000000000E585B3008088898A8C88F88CC5
:109BD0008A898888800010100804020100010204AC
:109BE00008101000E9A29100905E10FF149402FA90
:109BF0000EEA0AFA0200101008050201100B040315
:109C0000040B1000E78E870082462A82DAB693AAF8
:109C1000C2822A4682000202020202021F020202DD
:109C200002020200E8B083001011F60000FE22AA32
:109C3000BEAAAA22FE0000000712090700030202C2
:109C40000B100F00E588B60018D65454FF5454D4B6
:109C500000FC0000FF00000700001F0004070001D7
:109C600008100F00E5BC8F00082828E8282808FF06
:109C700008090A080800080808070404000003048B
:109C800008101C00E697A0002020222222E23EE2DB
:109C9000222222202000101008040300000F1010C0
:109CA00010101C00E692AD008484FF4448AA9E8AEE
:109CB000FE899DAB480008100F00001F0A0A0F0A1A
:109CC0000A1F0000E694BE000404FD2624F41438A4
:109CD000C704C43C0400100C0308100F1008040350
:109CE00004081000E58886008040205846C04043A4
:109CF0004CD0204080000010100806010008100F12
:109D000000000000E9929F009897F4949400F8886E
:109D100088FF8888F80000001F0804000000001F6A
:109D200000000000E69CBA00088868FF284800FE92
:109D30000202FE0000000201001F00100C030000E0
:109D40000F101C00E99A8F00FE122AC611F60AFEB7
:109D5000ABAAAAFA02001F01021108070817101087
:109D600014171000E590AF000000FE12929292933B
:109D70009292929E0000100C03001F080808080829
:109D8000081F0000E58AA8001092721292000808CD
:109D9000FF0808F8000002030202120B0403000887
:109DA000100F0000E997AD0000FC01129051311135
:109DB000FD111101FF00001F00010000020403005B
:109DC00008100F00E4B88D00020282422212FA0647
:109DD0002242820202000201000000001F00000077
:109DE00000030000E887AA000000FC2426252424A4
:109DF0002424FC00000000001F09090909090909C1
:109E00001F000000E585B300000000C0C0C0C6CE42
:109E1000DCC0C0C0C0C0C0F0FCDFC7C0C0C0C00054
:109E20000000707070707070707070F0FFFFF0F074
:109E3000707070707070707070000080C0C0E0E072
:109E40007070381E0F070101070E1C387070E0E0BB
:109E5000C0C0400000010000000000000000000041
:109E6000000000000000000001010000E69CBA00B4
:109E700060606060FFFFFF6060600000FCFC0C0C35
:109E80000C0C0CFCFC0000000000C0F07CFFFFFF8D
:109E90000E3C7000C0FFFF0000000000FFFF00004C
:109EA000000007030100FFFFFF00C0F07C3F0F0030
:109EB0000000000000FFFFC0C0F8700000000001BB
:109EC0000101000000000000000000000000000090
:109ED00000000000E6989F0000000000FEFEFEC6A5
:109EE000C6C6C6C6C6C6C6C6C6C6C6C6C6C6C6FEDA
:109EF000FE0000000000000000001F9FFFF818187F
:109F000018181818D8D8181818181818181F1F005B
:109F1000000000000030381C0F67636363636363F5
:109F20006363FFFF6363636363636363636303008C
:109F30000000001C1C1C1C1C1C1C1C1C1C1C1C1CB5
:109F40001F1F1C1C1C1C1C1C1C1C1C1C1C1C1C0067
:109F5000E781AB00000000E0E0C0800000000000EE
:109F60000000FFFF000000000000000080E0E04073
:109F700000000000000001070F3E7C70200000E0A0
:109F8000FFFFF000000060787C1F0F03010000005D
:109F90000000000000000080C0E0703C1F070101CD
:109FA000071F3C78E0C08080000000000000081817
:109FB0003C1C0E0F07030100000000000000000021
:109FC0000000000103070F0E1C1C1808E8AEA100DA
:109FD00000000002060E3C78704000000000000007
:109FE000000000FFFF0000000000000000001C1C3B
:109FF0001C1C1CFCFCFC0000383838383838383859
:10A0000038FFFF3838383838383838380000000022
:10A0100000FFFFFF0080C0E0E0700000000000FFD4
:10A02000FF00000000000000000000000000081F0A
:10A030000F0707030100000000000000003F3F0081
:10A040000000000000000000E58892000000000011
:10A0500000FFFF0000040C1870A08080800000F852
:10A06000F800000000FFFFFF0000000E0E0606FFD4
:10A07000FFF707030383C3F33301010000FFFF0071
:10A08000000000FFFFFF00000000008080C0FFFF15
:10A09000F89C0E070300C0C00000007F7F00000096
:10A0A00000FFFFFF0000020E070303010001070F7E
:10A0B0001E38383C1F070000000018383838181FB9
:10A0C0001F070000E9B8A200006060606060606087
:10A0D0006072777E3C3870F0F0B033373E3C3830F9
:10A0E0003030383838000000000000F8F818181C2C
:10A0F0005FDFD9989818191B1B1E9EFCFC0C1818C2
:10A10000181C0F0300000000001F1F181818181853
:10A1100018191B18181B1B1B1B19181818F8F80006
:10A120000000000303030303030303030303030308
:10A13000030303033333333338381F1F0700000092
:10A14000E69EAD000000000000F8F8181818D8DCF2
:10A150009F9F1B18181818181818F8F8F800000016
:10A16000000000000000007F7F7070707071F1735C
:10A170007F72707072767676777370F0F0F0000010
:10A1800000000C0C0C0C0C8C8CCCEC7CFFFFFF7CCE
:10A19000ECCC8C8C0C6C6C60607F3F0F000008185E
:10A1A0001C0C0E060703010100003F3F3F000000AA
:10A1B00001030307060E0C0C1C181808E587BA00EB
:10A1C00000000000F8F8F800000000000000FFFFA9
:10A1D00000000000000000F8F8F800000000000097
:10A1E00000003F3F3F30303030303030FFFF303004
:10A1F00030303030303F3F3F00000000000000FEB4
:10A20000FE000000000000000000FFFF0000000052
:10A210000000000000FEFE0000000000000F0F0C18
:10A220000C0C0C0C0C0C0C0C0F0F0C0C0C0C0C0C68
:10A230000C0C0C3F3F000000E59381000000000083
:10A240000000FEFE060606060606060606060606CA
:10A250000606FEFE000000000000000080808080F6
:10A260008F8F8E8E8E8E8E0E0E0E8E8E8E8E8E8E8C
:10A270008F8F8080808000000000FFFF01010101BE
:10A28000010101FFFF000000FFFFFF0101010101CB
:10A2900001FFFFFF000000001F1F0606060606065E
:10A2A000061F1F0000001F1F1F0606060606061FCA
:10A2B0001F1F0000D8A2000800000020F0020000CC
:10A2C000FC010008E0A30008F002002020120000BA
:10A2D0005C020008000000004501013939321E32DD
:10A2E000015A1008111324F413B9943A080CB11A46
:10A2F0001014320413D10982085A28148B210A142D
:10A300005A41149A35145A5A149A49145A66149A8E
:10A310005D145A1B149AE5645A34149AF9145A4D70
:10A32000149A0D3C0912B41342953308028BE10FC5
:10A33000285A0B148B3910145A15149AB52809127F
:10A34000501A7A1432069A853C5A81149A99142923
:10A350003C01101AF11429644122D02A20C01AE4C9
:10A360001472034B9C02145A95DC411A1C283209C2
:10A370001AA21472054BE801285A8878411A201451
:10A3800029481AFE1472071A385029340912C81ABB
:10A390001FF0291C8B9951A85A29149A85145A35F3
:10A3A000149AAD140912505AC0788BE965285AD214
:10A3B000149AFD141A5F5029148B2566145A4F14F1
:10A3C0009A11140912641A771429E48B117B285A04
:10A3D00072148BE97A145A76149AFD144100000025
:040000050800019955
:00000001FF
